id,domain,status,purchase_price,renewal_price,attractiveness,demand,length,registrar,created_at,expires_at
019bed14-cb11-46c1-b07a-e56862850237,germs.me,available,9.99,19.99,40,5,5,namesilo,,
02699a15-4faf-4560-be1b-ce386c12a0e6,postponement.me,available,23.98,,57,1,12,namecheap,,
02e3d7dd-e517-4df1-b1ea-fb3e1e318c6b,movement.me,resell,,,92,32,8,Dynadot Inc,22/02/2024 15:15,22/02/2027 15:15
02e89ceb-3fa7-41c1-97c9-7f0096fd555f,sexwork.me,available,23.98,,68,8,8,namecheap,,
03cd6016-b64c-4e0a-ae3a-e280e0558dea,terrifies.me,available,23.98,,39,1,9,namecheap,,
04d9f046-184e-4f12-8ffe-42e6f11dd6a4,goAWOL.me,available,23.98,,46,2,7,namecheap,,
04dfbb11-41ae-44d4-9919-e0ea3a5544c8,slipitto.me,available,23.98,,64,1,10,namecheap,,
05f8b05b-d867-4a50-a417-b2d977fc7c57,satellites.me,resell,,,59,8,10,Alibaba Cloud Computing Ltd. d/b/a HiChina (www.net.cn),02/11/2025 01:37,02/11/2026 01:37
06093e54-5a52-4834-9e74-e032915ff634,thefixisin.me,available,23.98,,38,1,13,namecheap,,
06376a80-4cae-43d9-9682-a9db3ba9062c,somuchso.me,available,23.98,,50,1,10,namecheap,,
0665e5f4-6719-4c23-9446-80c1e8c2b3a1,doesnotcompute.me,available,23.98,,40,3,16,namecheap,,
073b2b50-b6e3-4699-b234-d1fba44c1b7a,arrests.me,available,23.98,,46,5,7,namecheap,,
075d651b-2943-4b45-8b40-4faa5bc92aa5,libraries.me,resell,,,58,11,9,Dynadot Inc,15/04/2024 14:09,15/04/2027 14:09
07e56973-f691-4814-a4dc-39d6b0973bc2,shoveover.me,available,23.98,,59,1,10,namecheap,,
0864ffbc-74f7-4102-a52a-d9f87d2e0c87,deaths.me,available,9.99,19.99,50,6,6,namesilo,,
09429b29-e99d-452d-8e6b-55d6a81bc769,alcoholproblem.me,available,23.98,,30,1,15,namecheap,,
095256fa-032f-4dc6-9042-e0f93b72f257,redevelopment.me,available,9.99,19.99,62,4,13,namesilo,,
0a01c1e0-e8d6-4583-9f81-9a5bb677599a,goforgold.me,available,23.98,,74,15,11,namecheap,,
0a3e80bd-7531-47ef-b2c6-2c1351ffbc65,toburn.me,available,23.98,,50,1,7,namecheap,,
0b93ed11-6985-43a7-b798-890d54787db2,conflicts.me,available,9.99,19.99,66,5,9,namesilo,,
0be824c6-86b9-4b6e-abd0-2e687ba09fd1,participants.me,available,23.98,,58,7,12,namecheap,,
0c363c8e-049c-4536-9066-aa08b4cc6817,rioted.me,available,23.98,,44,1,6,namecheap,,
0c5b036c-38c7-458a-8296-f14f117c3d69,carbonmonoxide.me,available,23.98,,54,4,15,namecheap,,
0c5b4d45-c671-48fc-9581-154aeeecedc7,orchestrated.me,available,23.98,,75,4,12,namecheap,,
0c9848a6-b754-49e9-b16b-724b5b5b3ef2,fittoaT.me,available,23.98,,64,1,10,namecheap,,
0cbf80a4-766c-45f8-8311-f43b58c072dd,keeptrackof.me,available,23.98,,48,1,13,namecheap,,
0ce0c0aa-7029-4ebd-bcc6-576e2ef9ccbf,echoes.me,resell,,,56,24,6,Unstoppable Domains Inc,31/12/2024 15:15,31/12/2026 15:15
0d7c5200-f3c0-4532-a079-786a0da641f8,grandparents.me,resell,,,68,5,12,"GoDaddy.com, LLC",18/07/2008 21:20,18/07/2026 21:20
0d828e66-612b-4cf7-89e8-e1b03bb286a8,nights.me,resell,,,74,12,6,"Sav.com, LLC - 44",19/09/2025 15:15,19/09/2026 15:15
0ef804d5-1156-4505-806c-be228c0aebd2,keepoutof.me,available,23.98,,68,0,11,namecheap,,
0f7df309-5d99-4360-8929-81b9bee9f269,poreover.me,available,23.98,,62,1,9,namecheap,,
0fd1e6a5-e075-4a2e-86a1-d00a41184330,structurally.me,available,23.98,,48,3,12,namecheap,,
11a5bf77-294a-4bc0-be98-e418c8edbaf2,ghosts.me,resell,,,48,14,6,"GMO Internet Group, Inc. d/b/a Onamae.com",10/12/2025 13:29,10/12/2026 13:29
11adfad9-e0e0-4179-8550-d5a983c9674b,alcoholpoisoning.me,available,23.98,,48,1,17,namecheap,,
11dceaa9-f5b2-4545-9a3f-f7ef4f943465,demotions.me,available,9.99,19.99,46,1,9,namesilo,,
121b0eed-7072-4702-8913-f4e9b3b8b526,stalled.me,available,23.98,,48,3,7,namecheap,,
12631d4d-1f5a-4d24-9ab9-4aa1e5463aaf,thesame.me,available,23.98,,54,5,8,namecheap,,
135c1e9f-6b31-4c2b-adf5-300c84f94109,demoting.me,available,9.99,19.99,46,1,8,namesilo,,
13d8252e-98de-46e7-a4ea-b8bfc68b7729,havenobusiness.me,available,23.98,,60,1,16,namecheap,,
13f1ee74-8676-4a44-8d32-a4f07568cd8b,highschools.me,available,9.99,19.99,65,4,12,namesilo,,
1492b5ce-076b-4432-a3be-c462604c39aa,godownhill.me,available,23.98,,68,1,11,namecheap,,
14f869e4-88a1-415f-a0bc-df8daab3a1f1,operators.me,resell,,,52,13,9,"eNom, LLC",05/02/2026 17:13,05/02/2027 17:13
16ac9bd0-6f3c-4b6b-ae52-df9073e3e1a1,dangers.me,available,23.98,,46,6,7,namecheap,,
1772b9a5-5b7b-4d76-a2bf-51c2fdbfd999,Amazons.me,available,9.99,19.99,60,12,7,namesilo,,
17f37963-0329-4301-a593-0388ba61db41,offerings.me,available,23.98,,52,4,9,namecheap,,
18537a4f-25cc-420e-86c4-0b632f3d4b62,refusing.me,available,23.98,,40,3,8,namecheap,,
1864087c-307d-4127-9c6e-1f42e33a048d,smashdown.me,available,23.98,,58,2,10,namecheap,,
1968bcd4-a3cb-4d79-aec4-e63f2927aebd,deadonarrival.me,available,23.98,,46,2,15,namecheap,,
19db33bd-8b68-4bf4-878f-d8a0e8c9868f,demotes.me,available,9.99,19.99,46,1,7,namesilo,,
1a5bf947-36a6-4406-93b1-82894392a8bc,sawoff.me,available,23.98,,60,1,7,namecheap,,
1ad19186-8788-42e0-a3c3-24267b13819a,counterfeits.me,available,9.99,19.99,40,2,12,namesilo,,
1b7bd772-8a23-4a7e-9dbb-881e05cae240,SouthAmerican.me,available,23.98,,66,10,14,namecheap,,
1bcd5876-e6e6-4e06-b6db-84862714cc79,traps.me,available,9.99,19.99,68,7,5,namesilo,,
1bf85555-df17-488e-b8d8-3af7d85e23b4,tasking.me,resell,,,68,7,7,Alibaba Cloud Computing Ltd. d/b/a HiChina (www.net.cn),12/11/2025 17:05,12/11/2026 17:05
1fd7bed2-c776-49ee-b317-e0a7222399b9,sticks.me,resell,,,60,11,6,Dynadot Inc,07/02/2018 02:27,07/02/2027 02:27
21bf9829-4ad2-48e9-9f92-c7a6ce6caff5,playaround.me,available,23.98,,72,5,11,namecheap,,
21c9c0ff-ca10-4b17-9263-1bf2ed42f7a6,mouthed.me,available,23.98,,63,1,7,namecheap,,
228a8965-190e-41e0-9a92-723259f1d519,gorogue.me,available,23.98,,64,4,8,namecheap,,
23576241-0885-467c-beab-5fe9de5098df,getthepoint.me,available,23.98,,71,2,13,namecheap,,
237c8f08-e5c1-46ba-9f6f-072b8ec77717,privateeye.me,available,23.98,,53,4,11,namecheap,,
2408f33a-c447-4283-aa49-c4d923762e62,cheesedown.me,available,23.98,,62,0,11,namecheap,,
251c68bc-f8b3-495d-a257-be89d5d33f7e,childmurderer.me,available,23.98,,30,1,14,namecheap,,
256d57d4-05ec-4071-a131-65b1fe48e736,securing.me,resell,,,62,8,8,"GoDaddy.com, LLC",02/02/2013 02:35,02/02/2027 02:35
27332016-9526-466d-be45-4e6bab6160c9,rivals.me,resell,,,48,20,6,"Spaceship, Inc.",13/04/2026 09:38,13/04/2027 09:38
2753e53a-7d03-4748-8efc-dbfd3b06ad6c,neighbors.me,resell,,,63,17,9,"GoDaddy.com, LLC",11/05/2017 07:34,11/05/2027 07:34
27914cf3-9bd1-4d30-8533-a3c96a3047aa,distributed.me,resell,,,64,21,11,"NameCheap, Inc.",19/07/2008 03:30,19/07/2026 03:30
280265c1-6685-4db3-bfd5-880dd321b719,oranything.me,available,23.98,,44,1,11,namecheap,,
2869c812-45f5-48a7-a179-32460e7d1797,nine.me,resell,,,65,29,4,"NameCheap, Inc.",05/08/2022 18:46,05/08/2026 18:46
29d61bd8-778d-4098-b1b8-c42eb1006905,arrows.me,resell,,,52,14,6,Unstoppable Domains Inc,04/03/2024 15:15,04/03/2027 15:15
2a34340b-52d5-4950-be83-f61b942298df,volunteering.me,resell,,,74,7,12,Dynadot Inc,29/05/2017 01:07,29/05/2027 01:07
2a469016-8994-41fd-b969-77a7c9bb2927,thedamn.me,available,23.98,,38,1,8,namecheap,,
2ad15b95-b9b6-49b2-a201-7eae0c936fbc,exchanges.me,resell,,,50,11,9,Dynadot Inc,24/08/2025 17:00,24/08/2026 17:00
2b12985c-c91e-40f7-ba99-dd323055741c,sidewindow.me,available,23.98,,44,1,11,namecheap,,
2c5a4afb-3205-4210-ad4b-c45f93b46579,bethere.me,resell,,,76,11,8,Alibaba Cloud Computing Ltd. d/b/a HiChina (www.net.cn),12/11/2025 17:05,12/11/2026 17:05
2cb0f7df-ee1d-4606-8fed-84c16d2cfcf6,suppresses.me,available,23.98,,44,1,10,namecheap,,
2ed212c7-1f8f-4146-898e-bfdaa52eea3a,veggies.me,available,23.98,,64,7,7,namecheap,,
2f119bc2-7f32-4ad5-be13-c88d1c445da7,gonowhere.me,available,23.98,,62,2,10,namecheap,,
2ff8ea66-1165-4b40-b64a-81cd53b67960,gomissing.me,available,23.98,,70,1,10,namecheap,,
301aeee5-cf76-441c-8c36-b8ecc29b30f4,wines.me,resell,,,63,16,5,"GoDaddy.com, LLC",29/04/2008 18:03,29/04/2027 18:03
30702174-28d4-4a1e-b263-61e5c73cdf38,sisters.me,resell,,,63,15,7,"Spaceship, Inc.",21/12/2023 02:44,21/12/2026 02:44
30e3f633-9f57-4f10-b2a7-293f2618d918,MerryXmas.me,resell,,,70,4,10,"eNom, LLC",11/12/2025 14:14,11/12/2026 14:14
31cafbb7-08c7-4f21-9144-f05f2aeb9cc9,reallife.me,resell,,,68,17,9,"GoDaddy.com, LLC",04/04/2013 06:02,04/04/2027 06:02
324f2c7c-39e7-4f30-b344-3a197039cceb,tirades.me,available,23.98,,46,1,7,namecheap,,
329d150b-4de2-4472-98e9-26542b712e38,turns.me,available,23.98,,62,7,5,namecheap,,
339e6711-49db-4389-8acc-6faf7fe1bdba,turnedoff.me,available,23.98,,42,1,10,namecheap,,
33b06538-b708-488b-8493-1d45bb97f17f,bankers.me,resell,,,52,11,7,"eNom, LLC",02/10/2025 05:12,02/10/2026 05:12
34126f3f-8713-4b1b-8246-a164075acb16,berries.me,resell,,,60,13,7,"Spaceship, Inc.",14/10/2024 17:00,14/10/2026 17:00
341f4e9d-2487-4183-acf5-f7d2ee9ffad4,collapses.me,available,9.99,19.99,38,1,9,namesilo,,
34684246-15d1-4aa3-ad72-af7db51f8809,ice.me,premium,59225,,68,45,3,Tucows Domains Inc.,12/08/2008 03:05,12/08/2028 03:05
363fc1ab-d91a-47d5-8cec-800384539c2d,fullfrontalnudity.me,available,23.98,,48,1,19,namecheap,,
38726bac-9fa0-43cb-ba77-ed105b07f3af,uptill.me,available,23.98,,50,1,7,namecheap,,
38d99710-6294-496f-b6c4-4e4a384ba35f,divorcing.me,resell,,,46,6,9,Porkbun LLC,02/08/2025 13:16,02/08/2026 13:16
398eaa59-2ad1-4b49-84ba-617100c6c6c4,gonewiththewind.me,available,23.98,,40,4,18,namecheap,,
3a7850ac-c9af-422b-98ee-7b2a7b10ec4d,sucks.me,resell,,,48,11,5,"GoDaddy.com, LLC",10/07/2008 03:31,10/07/2026 03:31
3c348859-0764-4105-abd8-65ae92f5c831,childmarriage.me,available,23.98,,48,2,14,namecheap,,
3c368618-d1e7-4e26-a117-29a4030ca3a4,proxybattle.me,available,23.98,,44,1,12,namecheap,,
3d6c7b17-2ddc-4ee5-b77c-b2f0e69b60e6,bangles.me,available,23.98,,56,4,7,namecheap,,
3e13d751-5cd4-430f-9543-486a431f5002,incheck.me,available,23.98,,46,5,8,namecheap,,
3e7066d9-c977-4b65-9a00-d531c60fc744,rashes.me,available,9.99,19.99,40,3,6,namesilo,,
3e7d5edb-4fef-4901-afdf-8cfbcb903224,worldsapart.me,available,23.98,,64,3,12,namecheap,,
3ee0a8dd-d691-4b5f-8ac0-76d34bd88f73,beridof.me,available,23.98,,46,1,9,namecheap,,
3ee439fc-cdc7-4ead-860e-276de2d1891c,overwhelmed.me,available,23.98,,48,5,11,namecheap,,
3f072977-bf9e-4671-873f-f41f516e6b6f,proxycard.me,available,23.98,,44,2,10,namecheap,,
3f921be1-94f4-439a-9488-850e5f58aca9,gonuclear.me,available,23.98,,68,3,10,namecheap,,
40fc6369-25a0-4af4-a02c-7f59abdf707c,reservations.me,resell,,,50,17,12,"GoDaddy.com, LLC",07/08/2008 15:03,07/08/2026 15:03
410685b1-e310-4419-a0d1-79848f83c42d,wears.me,resell,,,62,7,5,Dynadot Inc,30/01/2011 15:57,30/01/2027 15:57
41572851-e40a-49bb-a8ed-1e2780c04ce3,wheels.me,resell,,,76,20,6,"NameSilo, LLC",25/08/2008 02:18,25/08/2026 02:18
4169884f-327f-4f90-90c8-c0e6d7b2e6bc,starkest.me,available,9.99,19.99,40,2,8,namesilo,,
41ab8b1a-c966-419a-b79a-b7805d0eb657,leaveover.me,available,23.98,,70,1,10,namecheap,,
41f445ce-78b2-4c4e-8b5e-5b1f38375e01,baguette.me,premium,2961.25,,76,13,8,Dynadot Inc,04/04/2017 02:09,04/04/2027 02:09
43eeced2-d927-4fec-a479-9e8a5c8193e7,terminators.me,available,9.99,19.99,46,3,11,namesilo,,
44195b4a-66db-49a3-84ff-d0313e9b552e,sanctions.me,available,9.99,19.99,52,8,9,namesilo,,
44485893-46f0-414b-bbbd-4283f632d73b,disobedience.me,available,23.98,,64,3,12,namecheap,,
4604d114-d473-4175-b46f-8d90b5efef65,allthetime.me,available,23.98,,60,3,12,namecheap,,
463de8fe-4e77-432a-ace5-91544fd1eb1c,havenoneofit.me,available,23.98,,56,1,15,namecheap,,
466db001-13e1-43d6-b184-266a16db5304,slowed.me,available,23.98,,48,3,6,namecheap,,
468c063b-0360-4e8b-8ce1-ba4563eed1b4,voted.me,resell,,,54,6,5,"Spaceship, Inc.",30/11/2025 17:07,30/11/2026 17:07
47791b24-437d-4bec-993f-65383665adc7,makeovers.me,available,9.99,19.99,62,3,9,namesilo,,
492ba486-fac7-4b6f-9adf-8ec933f91c0f,ambivalence.me,available,23.98,,76,4,11,namecheap,,
4a584d99-e08d-4bf2-85b1-dcad8375cbc6,gobankrupt.me,available,23.98,,68,2,11,namecheap,,
4a6d82ff-0114-4d21-b28a-fe1ee0901754,goawry.me,available,23.98,,66,0,7,namecheap,,
4ad56f2c-63c6-4354-8dad-bd4d3d390c3a,smarts.me,resell,,,67,16,6,Dynadot Inc,19/02/2017 01:08,19/02/2027 01:08
4b5475ca-977d-40a6-9b52-0465db52f3ae,overwith.me,available,23.98,,60,1,9,namecheap,,
4b917f82-963a-4b4f-8ce6-d456e22f92a1,shrugs.me,available,9.99,19.99,50,2,6,namesilo,,
4bfa0690-f7d5-41a2-ab62-ea10baadad5f,collapsing.me,available,9.99,19.99,38,3,10,namesilo,,
4c14d780-eef8-41fe-acbb-371d0f69cf82,filingfees.me,available,9.99,19.99,46,1,11,namesilo,,
4d27fc61-7107-4be3-9848-ae0c06958aa8,silences.me,available,9.99,19.99,46,3,8,namesilo,,
4d6e729e-e3c8-4840-836c-cd386edb4e02,belike.me,resell,,,74,7,7,"GoDaddy.com, LLC",24/12/2012 17:17,24/12/2026 17:17
4e50e79b-a7a3-4fbf-a603-41e9d49a2c88,SaintGeorge.me,available,23.98,,54,6,12,namecheap,,
4e5da30e-e81d-48d9-ba1a-e50322c7d722,goballistic.me,available,23.98,,68,2,12,namecheap,,
4e6ac8bc-ee1f-4484-b0f2-c67e407d2ed3,midlife.me,resell,,,74,11,8,Porkbun LLC,16/04/2025 20:05,16/04/2027 20:05
4eba04f7-d5ec-4798-917b-844aa8632faf,havenousefor.me,available,23.98,,56,0,15,namecheap,,
4ec0fd3b-f8f0-43e5-826f-00abde90524a,reprimanded.me,available,9.99,19.99,42,1,11,namesilo,,
4f2a1685-ad7c-49b7-8833-db6e1e2ff3b1,havethefoggiest.me,available,9.99,19.99,54,1,17,namesilo,,
4f44bd60-8dc1-4f1f-86a0-b9541e86f954,thieves.me,resell,,,45,8,7,Alibaba Cloud Computing Ltd. d/b/a HiChina (www.net.cn),03/11/2025 17:05,03/11/2026 17:05
4f50611d-54dd-4bf5-ada5-f95573135368,ranted.me,available,23.98,,48,2,6,namecheap,,
4f939ede-022d-4faa-90d5-9fb4db69e7c2,reservation.me,resell,,,65,19,11,"Spaceship, Inc.",03/09/2010 02:20,03/09/2026 02:20
50e8076e-8602-4c32-a9c4-36790729ed13,clovers.me,available,9.99,19.99,62,9,7,namesilo,,
511a4cfc-f678-40a6-8708-4faf667b7ab6,proxyfight.me,available,23.98,,44,1,11,namecheap,,
51a5f99a-0b54-4f96-b2fa-c849e93b9990,costcutting.me,available,23.98,,64,3,12,namecheap,,
51ace18b-2123-4292-bb63-6c206925e4d6,stormed.me,available,23.98,,50,3,7,namecheap,,
5211bc6e-70f7-4b15-8805-569c3da57662,collapsed.me,available,23.98,,38,3,9,namecheap,,
528a2ede-08c4-4ef7-a3a2-a80dadf31406,pizzaslice.me,available,9.99,19.99,56,4,11,namesilo,,
528bf582-084b-48ee-b37d-1d1390b18f9f,disobeying.me,available,9.99,19.99,46,1,10,namesilo,,
5328c3e5-2c5d-4007-b9d0-e5988f9ed323,heroes.me,resell,,,68,29,6,"GoDaddy.com, LLC",20/09/2010 02:35,20/09/2026 02:35
53554d70-b3a5-48e8-bfdb-99ef8a2f3580,givingin.me,available,23.98,,50,1,9,namecheap,,
54c61705-f020-479e-8863-11103417c339,theatres.me,resell,,,62,5,8,Dynadot Inc,04/09/2025 10:34,04/09/2026 10:34
55b9352b-78f3-451b-ad23-550fcdffce15,alcoholaddiction.me,available,23.98,,50,3,17,namecheap,,
55cea533-e2d8-4848-8094-a264f0aa19ef,inyourdreams.me,available,23.98,,40,3,14,namecheap,,
5681d0a1-9a97-440a-9fb1-6992f259e563,ttyl.me,available,23.98,,54,11,4,namecheap,,
56cb1c63-f6af-4f2a-98c1-85cc971dc51e,suspicions.me,available,23.98,,43,2,10,namecheap,,
575e3fe4-5982-4302-8609-dbd08c374622,squealed.me,available,23.98,,40,1,8,namecheap,,
5993128f-199a-41f4-8efd-b3dfc25e7304,smarted.me,available,23.98,,53,5,7,namecheap,,
5a576d04-c439-40a9-bea4-56cc343d15bb,prototypes.me,resell,,,56,9,10,"Spaceship, Inc.",21/11/2025 20:28,21/11/2026 20:28
5c1048d4-43fa-4b0c-9fa5-88834492ab6f,paperingover.me,available,23.98,,53,1,13,namecheap,,
5cae6689-6b05-4018-94b9-eebf8beae235,specification.me,available,23.98,,64,10,13,namecheap,,
5cf84749-d9e8-4cdd-bc6b-79fea14abf4b,centralised.me,premium,3420.84,,70,2,11,"Spaceship, Inc.",19/04/2009 01:08,19/04/2027 01:08
5d5777d1-7987-4b12-abef-7ffcaff665b9,charts.me,resell,,,64,18,6,Unstoppable Domains Inc,03/03/2024 15:15,03/03/2027 15:15
5def2bb3-8045-4e21-8bba-543139de00c1,makefriends.me,available,23.98,,88,6,12,namecheap,,
5f42b481-b1cc-4231-8a5b-d61214a35a3d,somuchfor.me,available,23.98,,46,0,11,namecheap,,
6082e84d-74e3-4c61-b92f-5d17d39ce223,turnorburn.me,available,23.98,,56,1,12,namecheap,,
60daf61e-6aa3-404b-b006-0e90eb20482e,VHS.me,resell,,,71,20,3,Dynadot Inc,14/02/2018 01:06,14/02/2027 01:06
610d1e13-9482-40c6-ab9d-5cb029fa4faa,devoured.me,available,9.99,19.99,40,3,8,namesilo,,
618e03cd-1aec-496c-9578-1de0f57320eb,icons.me,resell,,,68,19,5,"NameSilo, LLC",17/07/2008 17:35,17/07/2026 17:35
618f4c6d-fad0-438b-821a-c1c1822dffb2,suspecting.me,available,23.98,,48,1,10,namecheap,,
61fdecd9-e48f-4fdd-ba3f-14ca2dc34654,soulmusic.me,available,23.98,,78,7,10,namecheap,,
62a89476-1b0f-4d4e-970c-1f3f491b4891,smashandgrab.me,available,23.98,,48,2,14,namecheap,,
6348e5cd-db6c-4e10-942c-40ad2e45c64b,laptops.me,resell,,,56,8,7,"GoDaddy.com, LLC",06/08/2008 12:54,06/08/2026 12:54
63879d35-b1d2-42b0-858b-50c3032b746c,advertises.me,available,23.98,,56,3,10,namecheap,,
63da35d4-0375-43b5-b20f-acb579800e38,constraints.me,available,9.99,19.99,44,2,11,namesilo,,
64511343-d644-4763-8551-d86463eb9db3,keepitmoving.me,available,23.98,,68,5,14,namecheap,,
651b6066-a350-46cf-a9d0-ae5b6f0f8f21,shorted.me,resell,,,61,4,7,Dynadot Inc,08/09/2025 18:52,08/09/2026 18:52
65e5eec6-e4e4-4d17-9219-27c857675d77,goingdown.me,available,9.99,19.99,50,2,10,namesilo,,
65ebda2e-6214-4b45-bb8f-73eda344123e,engineers.me,resell,,,60,19,9,"NameCheap, Inc.",18/12/2019 12:49,18/12/2026 12:49
66ad7328-2a64-42cd-ad8b-e822e911f710,deepdiving.me,available,23.98,,76,2,11,namecheap,,
67822e68-3633-4ca0-8fe3-e3d8be4abab7,gonowherefast.me,available,23.98,,50,1,15,namecheap,,
67a129a8-c3a4-4b7c-865c-4e01300c3c8d,spillover.me,available,23.98,,68,4,10,namecheap,,
67e10648-5f91-4854-8a9e-81b06b501411,getwith.me,resell,,,74,4,8,Key-Systems GmbH,30/09/2010 13:10,30/09/2026 13:10
686d01eb-0787-4ad8-9ece-f129484ae288,notsomuch.me,available,23.98,,46,1,11,namecheap,,
68e56ebd-b3aa-41ad-914e-fac7760427fd,accountants.me,resell,,,50,16,11,"Spaceship, Inc.",05/03/2023 14:32,05/03/2027 14:32
693f69e6-de63-4733-8cf4-1e8d8baee858,somewhereelse.me,available,23.98,,60,3,14,namecheap,,
6950f44b-3c33-4dc7-80a5-0d212157199c,gooutwithabang.me,available,23.98,,66,1,18,namecheap,,
6bf612e5-1325-4f32-9e17-23665f8ba5f1,whocares.me,resell,,,46,12,9,Securebackorder EOOD,21/02/2026 15:15,21/02/2027 15:15
6c19ece9-b682-4bb7-a33f-b992e34075ed,quitting.me,resell,,,54,4,8,"Spaceship, Inc.",27/11/2025 17:02,27/11/2026 17:02
6cf7a14f-85bb-4f7d-90ff-237df4fdaddd,slipoff.me,available,23.98,,65,1,8,namecheap,,
6cfcff98-1192-41d3-adef-bd2517e5d761,Tests.me,resell,,,49,21,5,"Name.com, Inc.",17/07/2008 15:02,17/07/2026 15:02
6d04f675-300e-47ff-9656-212ca5ce2eec,biases.me,available,9.99,19.99,42,3,6,namesilo,,
6d35438d-5bed-4b62-93a3-f32b67ab5136,smashinto.me,available,23.98,,38,0,10,namecheap,,
6d7bac46-d681-4316-b51d-901b93ce156c,gotothewashroom.me,available,23.98,,56,1,18,namecheap,,
6ea6141b-8e88-4a17-ab76-d9189de64ac3,IamHIVpositive.me,available,23.98,,44,1,17,namecheap,,
70c99455-c2ba-49fe-b2f4-421db267c3d4,replying.me,resell,,,52,3,8,"Spaceship, Inc.",31/08/2023 21:43,31/08/2026 21:43
70d90e61-2e01-4993-b0f2-1772631d2e54,businesses.me,available,23.98,,60,12,10,namecheap,,
70e1f9d1-be43-4b68-98fd-7bfe790c1dcf,havenosympathy.me,available,23.98,,54,1,16,namecheap,,
70fd76cb-a134-4052-aaa5-9935f93e02ca,lactoseintolerance.me,available,23.98,,56,2,19,namecheap,,
7139e371-b247-43e2-9bb4-eb6058a63ce4,publishers.me,available,9.99,19.99,54,9,10,namesilo,,
718e97ba-0b06-4606-b22e-d344b4d5180e,stuffyou.me,available,23.98,,44,1,9,namecheap,,
71977a22-c5f0-47d8-b354-82214f11d432,shortages.me,available,9.99,19.99,48,3,9,namesilo,,
71bf73cf-8517-4d34-a929-b57cfd0c6d4e,childrapist.me,available,23.98,,38,1,12,namecheap,,
71f56231-f733-4d78-a6ea-49adfc35a199,backbreaking.me,available,23.98,,54,1,13,namecheap,,
72667e6d-a65a-4ddf-a0e6-5692236a85de,stepdown.me,available,23.98,,74,2,9,namecheap,,
7286b7eb-5336-4eca-bc94-048e29c50ca6,wastes.me,available,23.98,,50,4,6,namecheap,,
72e97301-c9c7-404b-bb2c-76e8eeb90268,mosquitos.me,available,23.98,,42,5,9,namecheap,,
73e70e73-422b-4d1d-b235-fad941805bb0,Williamson.me,resell,,,60,13,10,"eNom, LLC",29/03/2026 09:29,29/03/2027 09:29
74d807e5-e6af-47a6-9da4-5f9a30755c82,surroundings.me,available,23.98,,75,4,12,namecheap,,
755e4bf7-cbb7-4852-a367-ec95838f0026,nitpicking.me,available,9.99,19.99,58,1,10,namesilo,,
762eb7a9-26af-465e-bca6-ed03738097ea,keepstraight.me,available,23.98,,62,1,13,namecheap,,
79048618-417a-4a9d-a8c5-78170d3ed26f,thereaway.me,available,23.98,,58,1,10,namecheap,,
7921bf79-f5e2-4927-bd03-22cb189e892a,childsextourism.me,available,9.99,19.99,30,1,17,namesilo,,
79c0ff06-1dae-4c59-8359-8024950e0b6b,Ichooseviolence.me,available,23.98,,44,1,17,namecheap,,
79ef95e1-8c81-4cc3-bf03-f5256d41e218,letterofdismissal.me,available,23.98,,44,1,19,namecheap,,
7a17aa08-52f6-46dd-bd93-399618ef5b9c,Westwood.me,available,23.98,,66,20,8,namecheap,,
7a3abbc0-4c6e-41ba-a8a0-ff70f18333e4,sources.me,premium,23557.34,,48,14,7,"Sav.com, LLC - 15",19/03/2025 15:15,19/03/2027 15:15
7ac4565b-e846-4ef5-abe9-713a1c9350c1,Godonlyknows.me,available,23.98,,50,9,14,namecheap,,
7b64821c-5053-4fb5-8331-0b6428c98c7c,filetypes.me,available,9.99,19.99,46,3,9,namesilo,,
7b973a52-9656-4ae1-ac53-a6058986f222,proxymurder.me,available,23.98,,36,1,12,namecheap,,
7d754312-de48-4ef8-bef1-91a73b63e7af,sitaround.me,available,23.98,,66,1,10,namecheap,,
7d843094-4b01-4e8a-90b3-e21445d51cd8,TyphoidMary.me,available,23.98,,59,1,12,namecheap,,
7df8f039-a8f8-4ca6-bed0-38d3555ebfe1,sorethroat.me,available,23.98,,64,2,11,namecheap,,
7e095e6c-c5f1-47eb-a773-e6e526250bb4,Vehicles.me,resell,,,49,13,8,"Sav.com, LLC - 44",23/12/2025 15:16,23/12/2026 15:16
7e18bd55-0f8c-48d9-9b13-59ac1e0a2568,underprotest.me,available,23.98,,30,1,13,namecheap,,
7e2c5f90-9ef2-4ae9-98e0-58234dac131c,cables.me,resell,,,54,11,6,Dynadot Inc,03/10/2013 02:47,03/10/2026 02:47
7e30a56d-0d51-412b-a87f-e4560bfb28f2,texting.me,resell,,,72,13,7,"NameCheap, Inc.",06/10/2010 02:40,06/10/2026 02:40
80635e88-5f20-4605-bd94-fe6ab4e91b45,sedated.me,available,23.98,,43,2,7,namecheap,,
807eae62-53a7-4bd5-9cfa-a763d2200802,JusticeLeague.me,resell,,,52,7,14,Alibaba Cloud Computing Ltd. d/b/a HiChina (www.net.cn),11/11/2025 17:01,11/11/2026 17:01
80c15636-9f04-4b62-a0cb-e66597a44cf4,oppositions.me,available,9.99,19.99,48,2,11,namesilo,,
80e29d5c-a9db-46a6-ad4d-bc20a2d30a9e,safest.me,available,9.99,19.99,64,9,6,namesilo,,
810bf9e7-b71b-4a91-857c-04bb45b4a96c,FinalJudgment.me,available,23.98,,54,2,14,namecheap,,
8180b39a-2ac1-4b95-b73e-f0112d34a9d3,facilitation.me,available,23.98,,74,12,12,namecheap,,
82444731-fd83-4bb3-8076-bd10bbf17a8b,fundamentalism.me,available,23.98,,58,2,14,namecheap,,
82eeba9a-dc26-40a0-adb5-19afd1f59c28,movein.me,resell,,,70,9,7,"eNom, LLC",27/03/2026 16:16,27/03/2027 16:16
83fdef04-fc6c-4ccd-9001-efdacce63125,pumping.me,resell,,,76,8,7,"eNom, LLC",24/01/2026 17:16,24/01/2027 17:16
84dbda3d-8ef4-4db6-8330-bea138b2906e,throats.me,available,9.99,19.99,44,2,7,namesilo,,
84df7670-99ce-46de-a9d4-1bb98df2b88b,breastcancer.me,available,23.98,,58,9,13,namecheap,,
862070cf-0e81-4916-b6dd-ee29128dd147,divein.me,available,23.98,,76,9,7,namecheap,,
87199808-8820-4d90-889c-34c5d0e8a2f0,howdoyoulike.me,available,23.98,,52,5,15,namecheap,,
87276421-36e5-461b-930b-9be32c855e1b,intune.me,resell,,,72,16,7,"Sav.com, LLC - 8",30/11/2025 15:15,30/11/2026 15:15
877622fc-a42e-4351-9552-776d009a6215,scootover.me,available,23.98,,66,2,10,namecheap,,
8840903c-3147-4df8-83c9-f236ad65f9be,alcoholusedisorder.me,available,23.98,,48,1,20,namecheap,,
88977bf5-ec28-4602-92ff-c9f59f72e90e,missionimpossible.me,available,23.98,,68,5,18,namecheap,,
88bbac5e-8fc5-4914-86aa-983d0099b3ee,comeup.me,available,23.98,,74,5,7,namecheap,,
8ae5c36c-4055-4780-8154-fe8664489eb7,updates.me,resell,,,54,15,7,"Sav.com, LLC - 36",06/04/2026 15:15,06/04/2027 15:15
8c3cd0dd-e8fd-4e92-9a11-5f2258607f8d,towels.me,available,23.98,,68,9,6,namecheap,,
8c6609aa-0ebb-43a7-bd9a-19177934f783,razorburn.me,available,23.98,,60,1,10,namecheap,,
8cb8db6d-2a4c-4e2d-89d8-fb496cff832a,indanger.me,available,23.98,,60,1,9,namecheap,,
8d536e66-b876-44e1-80af-32104e3d85b8,gettingeven.me,available,23.98,,48,1,12,namecheap,,
8ef2b142-8033-4df0-af8a-a973592cc833,determination.me,available,23.98,,70,9,13,namecheap,,
8f007e08-c619-49d2-8dbb-39675da36c79,PopeGregoryI.me,available,23.98,,28,1,14,namecheap,,
8f07e1b9-359e-4729-9037-49160f05cd42,sellthrough.me,available,23.98,,64,2,12,namecheap,,
8f7276d4-4f5a-4e98-a54d-7ceef5d27dae,breeds.me,available,9.99,19.99,60,4,6,namesilo,,
9061d34c-21e7-433a-b704-87dbcb0bac58,rages.me,available,9.99,19.99,40,4,5,namesilo,,
917d516a-dfea-46eb-ac0d-9016ba1d7e88,plaques.me,available,9.99,19.99,42,5,7,namesilo,,
91dfb293-29b7-4b78-bb09-61e07b09ec8f,reps.me,resell,,,73,16,4,Dynadot Inc,17/05/2017 01:33,17/05/2027 01:33
92005dbe-8959-42b1-a12f-fbac60d99cf3,proxyvoting.me,available,23.98,,62,2,12,namecheap,,
927132fa-9435-4d3e-ab8d-bd46f0c86e34,proxybullying.me,available,23.98,,28,1,14,namecheap,,
92f16a8c-ec2e-41de-9892-8b3a9ab5d9d6,counterattack.me,available,23.98,,64,3,14,namecheap,,
9346e017-2cb5-4d40-857f-6d6bfd2b0276,Shakira.me,resell,,,76,9,7,Alibaba Cloud Computing Ltd. d/b/a HiChina (www.net.cn),08/11/2025 17:01,08/11/2026 17:01
93744a5f-9861-4e44-b62f-f24fbd56f9e6,divas.me,resell,,,62,10,5,"eNom, LLC",14/04/2026 08:26,14/04/2027 08:26
93bbe070-5fc2-4cae-bf52-5bd47256c033,WorldWarIII.me,available,23.98,,48,3,13,namecheap,,
93ec3b68-6201-49cb-ac34-eba944f7da4f,counterterrorism.me,available,23.98,,52,3,17,namecheap,,
945dd4f2-c33b-40c0-9fd0-6b1d7089540e,probablecause.me,available,23.98,,55,2,14,namecheap,,
952b2ca8-2b24-408c-9035-87a8006a23ab,backtaxes.me,available,23.98,,62,3,10,namecheap,,
95a35582-3cee-4352-bd08-afbc953a3bdb,filesize.me,available,23.98,,64,2,9,namecheap,,
964afb4f-bef3-49e1-a466-8bb3466c1dcd,shakehands.me,available,23.98,,85,9,11,namecheap,,
98110dbe-9d92-49e9-951a-dda7942cbea6,deteriorates.me,available,9.99,19.99,38,1,12,namesilo,,
98ba2957-4f70-44c3-ae73-550a4e737266,unsettles.me,available,9.99,19.99,43,1,9,namesilo,,
995b5e78-14b6-425b-a123-1d7e1407d979,parkingfine.me,available,23.98,,46,2,12,namecheap,,
9982921f-c7ab-4bc1-9069-84c7c960d192,dropabombshell.me,available,23.98,,58,0,16,namecheap,,
9a6d7425-d311-4007-82b1-05cca31ec2f9,longterm.me,resell,,,72,10,9,Dynadot Inc,04/12/2025 17:13,04/12/2026 17:13
9c5d4c93-30ec-49d6-a92b-98f6995e08d7,instyle.me,resell,,,78,12,8,"eNom, LLC",08/03/2026 21:58,08/03/2027 21:58
9c908cd2-4196-464d-a9a5-2cca04d22dfc,rubbed.me,available,23.98,,62,2,6,namecheap,,
9e8428ce-308e-432c-b9ad-b9a230cec772,disappointment.me,available,23.98,,50,4,14,namecheap,,
9eacaba6-fa99-455e-8f3e-4ab83fbeda87,motorinsurance.me,available,23.98,,60,4,15,namecheap,,
9ee62ebd-dbae-4cce-a699-9e727b4c1122,tasked.me,available,23.98,,53,6,6,namecheap,,
9eefadaa-ceb9-47f1-9fb1-154f6075ffa7,sneezed.me,available,23.98,,47,2,7,namecheap,,
9f257d4f-edfe-410f-b75a-b1ca8fe409d4,disorders.me,available,9.99,19.99,46,5,9,namesilo,,
9fa62a36-bc50-493d-96df-2d7c3f036ea1,contains.me,available,23.98,,54,4,8,namecheap,,
9fd672c3-5ca1-46dc-a138-924539943299,toexcess.me,available,23.98,,55,0,9,namecheap,,
9ffda9c8-dc31-4f67-b29d-8b5f3e92fe29,requires.me,available,23.98,,58,4,8,namecheap,,
a157d1db-d600-4844-9b3e-b2c249b0ba5c,punched.me,available,9.99,19.99,50,3,7,namesilo,,
a2ce0b18-b082-4217-940c-2b72536ec9d3,oldest.me,available,23.98,,72,4,6,namecheap,,
a36043a0-e8dd-4656-adcd-29a301f8fd12,distresscall.me,available,23.98,,32,1,13,namecheap,,
a3bfa112-88c0-4ee6-af3b-77e787ea7ccf,goingbad.me,available,9.99,19.99,46,1,9,namesilo,,
a3f58804-5c29-4f85-b121-50658bc5149d,cases.me,resell,,,50,12,5,"Spaceship, Inc.",04/11/2024 17:00,04/11/2026 17:00
a460902e-6764-4fbd-b880-c578fd17b180,gototherestroom.me,available,23.98,,56,1,18,namecheap,,
a473daf4-f9f6-46e1-88de-3b93e6f1ee84,packup.me,available,23.98,,76,5,7,namecheap,,
a6370fd8-1b86-4e57-8aea-c4d8290e8c1e,squalls.me,available,23.98,,44,2,7,namecheap,,
a69188f3-d66a-4a5e-b6c9-d349c8c13a58,proves.me,available,23.98,,56,3,6,namecheap,,
a747b27a-9912-40db-b05e-6cbc0dfe0920,behindschedule.me,available,23.98,,38,1,15,namecheap,,
a807abfe-a85d-4b16-a35f-1c136f320452,stared.me,available,23.98,,56,4,6,namecheap,,
a9467bfa-c8a5-45fb-a7dc-aad70f219921,nuclei.me,available,23.98,,44,7,6,namecheap,,
a9539b69-74cf-43a0-b6d4-f8326a673ead,foes.me,available,23.98,,46,6,4,namecheap,,
aa2bf67b-4574-41cf-a8cf-77be1f7d0d6b,getmarried.me,available,23.98,,88,5,11,namecheap,,
ac02af44-becb-4bb9-a183-6694795d9f7e,barbecues.me,available,9.99,19.99,66,4,9,namesilo,,
acacdc5f-16e6-4e7a-8d62-24c6782ce15e,bottles.me,resell,,,62,12,7,West263 International Limited,31/01/2026 17:00,31/01/2027 17:00
b101c14d-9ac1-4d3c-b6cf-6a588d3f9edf,thongs.me,resell,,,50,5,6,"GoDaddy.com, LLC",05/04/2025 01:06,05/04/2027 01:06
b11171ae-cd67-4ed6-b45e-75a0dc1e375b,goeasy.me,resell,,,76,11,7,Alibaba Cloud Computing Ltd. d/b/a HiChina (www.net.cn),01/11/2025 17:39,01/11/2026 17:39
b1c17421-a8f9-45fa-bfd8-b8d02810afa8,lives.me,resell,,,64,15,5,"Spaceship, Inc.",14/03/2024 15:15,14/03/2030 15:15
b1faac2e-543f-41f5-bde5-362313436976,expires.me,available,23.98,,50,4,7,namecheap,,
b293a7d2-47a9-4790-a9e1-fbf9fb93cde9,takehuff.me,available,9.99,19.99,64,1,9,namesilo,,
b30c905f-c73f-44fe-86d5-7bcb286098e4,tattooing.me,available,23.98,,68,5,9,namecheap,,
b39f7c15-d2fa-43e5-96a1-4cd41fefe41c,finalstraw.me,available,23.98,,66,2,11,namecheap,,
b3aa56a9-8de6-4ed9-bf08-b8063b7a470a,WorldWarIV.me,available,23.98,,52,1,12,namecheap,,
b3b36925-57ea-40a3-a81c-87d1d814c6f7,disappointments.me,available,9.99,19.99,30,1,15,namesilo,,
b3bcb4fe-1840-4583-9dd2-d6435daa0b53,slipthrough.me,available,23.98,,66,1,12,namecheap,,
b446a1ab-8ce1-422b-87b9-722a0e855279,designers.me,resell,,,72,15,9,"Sav.com, LLC - 39",27/09/2024 15:15,27/09/2026 15:15
b47916cd-2bc9-4d96-b786-ae9488aaed14,difficulties.me,available,23.98,,70,3,12,namecheap,,
b4b0e854-3f62-4fc0-ad7e-2063aeaefe21,offenses.me,available,9.99,19.99,40,2,8,namesilo,,
b4cf6d6a-8d18-4742-bd01-dcc41842532a,soothes.me,available,9.99,19.99,61,2,7,namesilo,,
b55c53e3-e12a-4ab2-a890-c6359f193ef0,gooverboard.me,available,23.98,,64,1,12,namecheap,,
b615f599-11ad-4603-960e-2524c5718b9c,takealeak.me,available,23.98,,63,1,11,namecheap,,
b630d2f2-3cff-46c7-a869-c31161cd82b2,turds.me,available,23.98,,38,3,5,namecheap,,
b644630f-4ced-4a87-986c-d1ae9403be12,pileup.me,available,23.98,,65,3,7,namecheap,,
b69eca8f-dace-4b32-9b8e-4361b039d74e,thirdway.me,available,23.98,,74,7,9,namecheap,,
b6be7f55-cb5d-4db7-9a75-f68002df7f36,outandabout.me,available,23.98,,60,9,13,namecheap,,
b72d110c-0030-423c-894c-1fc0b76700fd,makeitmakesense.me,available,23.98,,50,7,18,namecheap,,
b7841fb7-5b19-40f4-8fa1-7b206ed2e789,teams.me,resell,,,62,32,5,"GoDaddy.com, LLC",10/07/2008 03:31,10/07/2026 03:31
b7b40366-9f49-44f4-b470-3d4bb753a0cf,paintthinner.me,available,23.98,,56,1,13,namecheap,,
b82416fe-151b-4b2e-a53d-9ab83a62002b,ratios.me,available,9.99,19.99,46,5,6,namesilo,,
b83d34c1-c2cb-43c3-bc0d-efc41cee5e66,knocks.me,resell,,,48,5,6,"GoDaddy.com, LLC",02/11/2009 07:37,02/11/2026 07:37
b8fd33d8-51ed-4379-9224-a5bc6edc9045,gettheboot.me,available,23.98,,70,1,12,namecheap,,
b9092c88-3177-4c6d-8838-9c5bb6f8746d,flashflooding.me,available,23.98,,52,0,14,namecheap,,
bad0f78a-e822-41f8-aaac-132ee050860c,blewagasket.me,available,9.99,19.99,34,1,13,namesilo,,
bbd97983-1f9a-4176-9c87-aa86924746c8,sexualassault.me,available,23.98,,43,3,14,namecheap,,
bc21d211-1dac-4287-a220-a2cd727406a0,gonegative.me,available,23.98,,66,1,11,namecheap,,
bc9fcab8-a4b6-4aab-ad53-dbc550ce158b,alcoholintoxication.me,available,23.98,,48,1,20,namecheap,,
bd4f85c1-febe-4da4-8948-f5fe8d8301c5,sameoldstuff.me,available,23.98,,34,1,14,namecheap,,
be419798-4df1-4782-8f95-018d58acd7a5,uptoanything.me,available,23.98,,52,1,14,namecheap,,
be8ffbe4-6d34-4eab-ad81-f0767c8f467f,refused.me,available,23.98,,50,4,7,namecheap,,
c046eb75-31e0-428d-9ee4-03a394b6c688,notarypublic.me,resell,,,66,11,13,"eNom, LLC",23/04/2026 06:31,23/04/2027 06:31
c0d11ee7-a1f2-4a58-99f9-9069feed9faa,howthedevil.me,available,23.98,,40,0,13,namecheap,,
c0d74a10-69fd-4311-b22b-ac4f03f4dd6a,guards.me,available,23.98,,76,9,6,namecheap,,
c0efe105-a6d5-4c8d-9563-b47bf621a21f,inspiration.me,resell,,,88,30,11,Unstoppable Domains Inc,03/10/2023 15:15,03/10/2027 15:15
c1606d2b-bb6b-43c7-bf62-8145115a01e6,havemercy.me,available,23.98,,80,2,10,namecheap,,
c1a0918f-53a4-4ba0-b712-270f9e87a44c,prejudices.me,available,23.98,,38,1,10,namecheap,,
c2b79139-670c-4054-8e3d-fe03825f6601,pulls.me,resell,,,52,6,5,Porkbun LLC,01/12/2020 19:42,01/12/2026 19:42
c3579ff6-9f0f-4834-a9d7-eff7e8d490c8,pegs.me,resell,,,48,8,4,West263 International Limited,03/09/2025 13:23,03/09/2026 13:23
c38a8385-ee56-4d17-bc9e-67e5a382c628,goberserk.me,available,23.98,,68,1,10,namecheap,,
c3cb05a5-a190-4072-afdd-d8514115ef43,teachers.me,resell,,,56,22,8,Dynadot Inc,13/06/2008 17:17,13/06/2027 17:17
c41d102f-1b74-4400-8c4a-15a89c5184d5,Ihavecancer.me,available,23.98,,44,2,13,namecheap,,
c5d57c27-b41e-4d46-a52f-2945c7df9f10,users.me,resell,,,54,18,5,Unstoppable Domains Inc,22/03/2024 15:15,22/03/2027 15:15
c6ddab7e-a1e9-4351-b4ee-50370d55af15,calculation.me,available,23.98,,70,7,11,namecheap,,
c78a3853-447a-4faa-a8b2-579ef09c1745,solarpower.me,resell,,,84,15,11,"GoDaddy.com, LLC",02/08/2008 13:20,02/08/2026 13:20
c83caacd-ad5b-4202-add0-1e776a9f6254,beads.me,resell,,,76,11,5,"GoDaddy.com, LLC",03/10/2011 02:41,03/10/2026 02:41
c881492e-3a64-4a3c-a002-a7d9454a4836,goastray.me,available,23.98,,66,1,9,namecheap,,
c8f3e552-d6d9-4193-88ae-2485166fe437,havetheblues.me,available,23.98,,58,1,14,namecheap,,
c98caa9b-2f93-470b-a1d6-8d249cb437c5,affirmation.me,resell,,,82,10,11,"Sav.com, LLC",17/06/2025 14:20,17/06/2026 14:20
c9cb1a5b-9292-4137-a29f-96230d6c7eb3,OpiumWar.me,available,23.98,,52,1,9,namecheap,,
ca30598f-79b6-45a8-96c6-1d20b6117fd6,overanxious.me,available,23.98,,64,1,12,namecheap,,
cabe78dc-92a4-463f-8d75-37f67a955e95,perks.me,resell,,,62,19,5,Dynadot Inc,18/07/2008 08:11,18/07/2027 08:11
cc9e21a1-ecaf-4b79-8601-5a530cfc249c,finalreckoning.me,available,23.98,,58,2,15,namecheap,,
cd41aa33-677a-47ff-a64f-be58140141f6,strepthroat.me,available,23.98,,68,2,12,namecheap,,
ce87d9a8-2df1-4c18-bbbb-4affd2cd4364,strengths.me,available,9.99,19.99,62,6,9,namesilo,,
cf4d7d72-7c09-481c-ba09-84eb3b5c1753,goingforward.me,available,23.98,,48,4,13,namecheap,,
cf9ef5df-7193-47c9-9f1b-273664cf823d,mosquitoes.me,available,23.98,,42,4,10,namecheap,,
d0cb1b28-2be6-40cb-81c3-b8dd210704e4,merchants.me,resell,,,56,14,9,"GoDaddy.com, LLC",30/01/2015 05:02,30/01/2027 05:02
d1cda09e-8394-4880-864e-f58d00f9723b,fonts.me,resell,,,58,17,5,"Sav.com, LLC - 22",30/12/2023 15:15,30/12/2026 15:15
d26ebfb6-4564-4060-85f3-93891ada6f2a,toomuch.me,resell,,,78,11,8,Dynadot Inc,15/01/2026 17:00,15/01/2027 17:00
d2a28d86-7557-485e-8e67-ee595b58a128,sexlife.me,available,23.98,,74,6,8,namecheap,,
d2d4037e-08d9-45fd-b508-ebcd2d4b9ca6,brothers.me,resell,,,60,22,8,Unstoppable Domains Inc,25/05/2024 17:00,25/05/2027 17:00
d2f65296-b556-49e9-a268-153d68855c6c,fog.me,premium,11843.82,,68,19,3,name.com,,
d4148247-870e-4dc2-beaf-1be4fc5af92a,goingout.me,available,9.99,19.99,54,5,9,namesilo,,
d42923c6-e4a0-4c47-a42d-025d8c8d7e36,demoted.me,available,9.99,19.99,46,1,7,namesilo,,
d5b5f09e-1a01-48c0-8325-80814bc960c2,failures.me,available,23.98,,46,5,8,namecheap,,
d6da9e67-0646-4cf1-940d-adfb00fffb46,flashfloods.me,available,9.99,19.99,42,1,12,namesilo,,
d6f84772-64a1-4d31-84b7-8f809bf2b6bc,chickensoup.me,resell,,,84,4,12,"Spaceship, Inc.",06/06/2024 18:36,06/06/2026 18:36
d83b1bb2-c90a-4596-9adc-1bc1b057c371,segregation.me,available,23.98,,62,2,11,namecheap,,
d85a2e08-2d5e-4752-953b-304b43f61431,serves.me,premium,35533.82,,54,7,6,name.com,,
d8f0e477-20ca-4ac9-9736-823a6cb0467d,backgrounds.me,available,9.99,19.99,50,5,11,namesilo,,
d936e64a-9f7a-44ae-a8dd-087b25077e5e,filetype.me,available,23.98,,64,3,9,namecheap,,
d97d7ddc-e624-42c8-afcd-17979139cfbb,bedamned.me,available,23.98,,38,1,9,namecheap,,
da0acd2c-7157-4135-b70c-cc29d2ebe93e,alternatives.me,resell,,,58,13,12,Dynadot Inc,13/02/2013 16:23,13/02/2027 16:23
da107b75-83c0-4d28-be79-bebce098b4f3,biggame.me,resell,,,78,9,8,Alibaba Cloud Computing Ltd. d/b/a HiChina (www.net.cn),01/11/2025 17:43,01/11/2026 17:43
da8c2d34-9898-423e-a260-8c432779511f,uncared.me,available,23.98,,57,1,7,namecheap,,
dab87a6b-3e59-4682-a553-4c2c23e5a7f7,mortars.me,available,9.99,19.99,40,2,7,namesilo,,
dac02f68-c602-4e5f-9239-ce7d3be85965,packingtape.me,available,23.98,,70,2,12,namecheap,,
db4b8496-72ad-4971-9812-6171b8198b3f,butter.me,premium,5266.29,,78,27,6,name.com,,
dbb55701-e514-4e5c-ba4c-b6cfcbf0c4da,drapes.me,available,23.98,,76,5,6,namecheap,,
dbf5ea02-941c-42a4-ac3a-eacb634eaeeb,publicservice.me,available,23.98,,65,8,14,namecheap,,
dc3ac5ff-05ae-4464-9261-3651287f2983,preliminarily.me,available,23.98,,41,1,13,namecheap,,
dcbf1fc7-73a8-4941-8c2f-fabf17a3ea9a,cements.me,available,9.99,19.99,56,3,7,namesilo,,
dddec15d-cb21-4ea3-890d-9c35a8611e52,keepitdown.me,available,23.98,,46,0,12,namecheap,,
de9ac846-93e5-49cd-98a5-8ee646c01ce9,waitout.me,available,23.98,,63,1,8,namecheap,,
def177a7-6329-4162-b636-4eff02ed79c8,nauseousness.me,available,9.99,19.99,58,1,12,namesilo,,
dfceaef1-f717-4681-828a-a3f5287c2c46,ponds.me,resell,,,52,7,5,Alibaba Cloud Computing Ltd. d/b/a HiChina (www.net.cn),01/11/2025 08:11,01/11/2026 08:11
e01b4f9d-d214-46f4-8eeb-b764ebe19a87,networks.me,resell,,,60,20,8,"NameCheap, Inc.",17/07/2008 15:00,17/07/2026 15:00
e0bb2479-0728-446a-a50f-d7d41eed6505,bangs.me,resell,,,60,7,5,"Spaceship, Inc.",21/11/2025 20:16,21/11/2026 20:16
e4061c93-908f-4e10-a480-42bbaf529320,prowlers.me,available,9.99,19.99,40,2,8,namesilo,,
e477b44d-c22f-49da-8952-e57c358d9bc3,childcare.me,premium,7105.82,,74,23,10,name.com,,
e49aa576-d925-4b6c-a9c3-dcbeb6df8db0,outofmyway.me,available,9.99,19.99,34,1,13,namesilo,,
e5ec5852-399e-4add-85a5-5029e3d9667d,blewit.me,available,23.98,,44,2,7,namecheap,,
e618f62b-0f72-48b2-a2e9-2a68b9c349f7,howtheheck.me,available,9.99,19.99,48,1,12,namesilo,,
e647f1cf-5f45-4b58-83b6-836b6c66cf07,children.me,resell,,,68,21,8,"Sav.com, LLC - 24",09/12/2024 15:15,09/12/2026 15:15
e6c9b511-2a1c-4e2b-9e6f-b17115a17c14,blewup.me,available,9.99,19.99,44,1,7,namesilo,,
e7ce0954-10e9-432a-8aca-20fdb552484b,tomorrows.me,available,9.99,19.99,60,11,9,namesilo,,
e8b9f2e2-bde1-4b1d-9d73-75e8a72156dd,hangbyathread.me,available,23.98,,56,1,16,namecheap,,
e8cc3859-28d2-4f4a-a06f-7ddd20d08d9a,runon.me,available,23.98,,67,4,6,namecheap,,
e9126767-e4e0-44a3-9f9b-46073285575c,snowed.me,available,23.98,,52,3,6,namecheap,,
e9556280-9f39-4ac6-a7d4-a4777e518bcf,notifies.me,premium,553.16,,50,3,8,"NameCheap, Inc.",03/01/2017 22:29,03/01/2027 22:29
e9b79408-d4b1-4f83-9b80-b370f35ac09a,OxyContin.me,available,9.99,19.99,64,6,9,namesilo,,
ea52232b-0414-48d8-8fa2-bd3d1728f8e1,underestimated.me,available,23.98,,42,6,14,namecheap,,
ea78feee-ef54-457c-aac1-3f9f4b23248a,moneytalks.me,resell,,,60,11,11,Alibaba Cloud Computing Ltd. d/b/a HiChina (www.net.cn),12/11/2025 17:04,12/11/2026 17:04
ea9128e7-0c26-42cd-bab6-b1c81b955c77,WikiLeaks.me,available,23.98,,53,13,9,namecheap,,
ea9602c3-5539-44b7-aa73-5dec030ae795,couldnotcareless.me,available,23.98,,38,0,19,namecheap,,
eac088ed-08a7-4b28-a425-eb03ab0c5bfb,floodwaters.me,available,9.99,19.99,56,2,11,namesilo,,
ec4e8a29-4e96-4ac5-b7a9-05ef926eee79,woes.me,available,9.99,19.99,46,4,4,namesilo,,
eda24d88-9afb-4f59-a532-af50a9efb397,mostwanted.me,resell,,,54,10,11,"eNom, LLC",31/03/2026 16:04,31/03/2027 16:04
ef956be4-8649-4c99-810e-efc9e1628f21,gonedownthetube.me,available,9.99,19.99,30,1,18,namesilo,,
f09c2fe4-182b-4a2e-9b28-b3fa60a012f9,monopolizing.me,available,9.99,19.99,40,1,12,namesilo,,
f0b34f45-170d-49d0-95ff-cc6045509b44,keyboards.me,resell,,,56,9,9,"Spaceship, Inc.",08/01/2026 04:05,08/01/2027 04:05
f322bc4e-5fee-4a9a-9a6b-e9895c06d64e,fillup.me,resell,,,72,7,7,Alibaba Cloud Computing Ltd. d/b/a HiChina (www.net.cn),01/11/2025 17:22,01/11/2026 17:22
f41606ee-bf12-41df-9049-e241042e9059,manuallabour.me,available,23.98,,58,1,13,namecheap,,
f560dcaf-f222-41be-9001-c5a68140d124,salts.me,available,9.99,19.99,56,7,5,namesilo,,
f628d25f-c170-42e1-8805-c336c19d74fb,goplaces.me,available,9.99,19.99,74,5,9,namesilo,,
f710e032-3bd7-41a2-a02a-89f8634a8934,thickskinned.me,available,23.98,,52,1,13,namecheap,,
f7927ce0-232a-4cfe-9ae7-8a937d8b7586,aldehydes.me,available,9.99,19.99,36,1,9,namesilo,,
f8189b9a-376c-42f7-8877-4187f366786c,rumorhasit.me,available,23.98,,47,2,12,namecheap,,
f943f730-74b9-4081-9bd6-abe882107bab,speakers.me,resell,,,66,12,8,"Xiamen ChinaSource Internet Service Co., Ltd",03/06/2025 15:15,03/06/2026 15:15
f986d700-75d7-4498-948d-64a0410e2f8c,sentences.me,available,23.98,,60,5,9,namecheap,,
fa0ab15c-b663-4799-b547-1fa425ef073f,paused.me,available,23.98,,56,6,6,namecheap,,
fa4cb0cd-4dee-46b0-92d0-914e54e60283,samples.me,resell,,,60,12,7,"Spaceship, Inc.",18/05/2024 17:00,18/05/2027 17:00
fa6b9cd2-b772-40c7-a83c-c0feced37ec0,keepunder.me,available,23.98,,66,1,10,namecheap,,
fc05dc02-14a1-4d6a-af64-e74d8659f1ce,seeyoulater.me,available,23.98,,54,12,13,namecheap,,
fcc65e9a-08fb-48a2-b414-7b5864df42d3,getsick.me,available,23.98,,72,1,8,namecheap,,
fd7dbe97-4573-4a48-84db-f5d6df7d2fb6,insight.me,resell,,,76,69,8,Dynadot Inc,17/07/2008 15:09,17/07/2027 15:09
fe33acdf-25b6-4564-b846-41a9ce55842a,trends.me,resell,,,60,32,6,"GoDaddy.com, LLC",21/09/2018 01:15,21/09/2026 01:15
fe6fb27d-3c17-4d2d-a9a5-d738a9917824,concerts.me,resell,,,68,12,8,"GoDaddy.com, LLC",26/07/2008 16:19,26/07/2026 16:19
feb8d945-df3e-4eba-b514-c8b9c583da95,ladies.me,resell,,,80,17,6,"NameCheap, Inc.",10/07/2008 03:30,10/07/2026 03:30
fee49ffe-53d7-45a6-b362-019dd4d93bb4,recessions.me,available,9.99,19.99,46,2,10,namesilo,,
fef903ed-0b27-4ffd-b9ec-fd2034d70c9e,youngest.me,available,23.98,,74,5,8,namecheap,,
ff7a76a0-22b8-4d3f-88a3-a772cbe5e3d1,spiders.me,resell,,,56,10,7,GoDaddy Online Services Cayman Islands Ltd.,20/12/2010 00:22,20/12/2026 00:22
ffa64343-5ad4-4ac2-9e05-1737ab1255b7,hotels.me,resell,,,64,82,6,Porkbun LLC,29/04/2008 18:00,29/04/2027 18:00
b1e8d73f-f908-4a2f-a867-c9931d6963f0,tramcar.me,premium,,,60,72,7,,,
0769854e-712f-4e4b-96b8-9c73d10b2ac4,topically.me,premium,,,46,80,9,,,
df491173-1168-4180-bde9-318b43de8586,blazonedtrail.me,premium,,,42,72,14,,,
d2900332-8c29-4e04-a0b9-5c03cc35812c,almadinah.me,premium,,,62,76,10,,,
2e32f46d-bcf3-49a8-9b3d-67c5d6afd2f0,parcel.me,resell,,,94,76,6,"Name.com, Inc.",30/09/2011 02:35,30/09/2025 02:35
230fda45-374d-4a8d-ba14-e7824182f443,heedfully.me,premium,,,50,72,9,,,
c44bd85c-2a2e-43c0-808c-3047abd7c43d,ginosho.me,premium,,,50,4,8,,,
2a7c914a-aa1d-4bb5-99d3-fbd9e31ee214,goldpan.me,premium,,,40,76,8,,,
c52cfbbb-2d49-4131-8f64-6266e38e13a5,thriftily.me,premium,,,52,72,9,,,
ccb47d7a-5081-4752-aa9b-2c3daaf7103c,hercules.me,resell,,,74,22,8,Dynadot Inc,21/12/2015 05:51,21/12/2026 05:51
56e69d86-9040-4a3a-b1da-b2dc58ef1aee,prickling.me,premium,,,54,72,9,,,
0eea3059-2118-4fbb-83f5-eeb86c7791b5,asprovidedfor.me,premium,,,44,0,15,,,
4c67b799-7627-470b-a799-c52656d37c71,talon.me,resell,,,52,88,5,Dynadot Inc,04/07/2020 06:11,04/07/2026 06:11
888bd3df-69d1-476e-ad08-2a87ea02077a,strokeoar.me,premium,,,,72,10,,,
246d461a-c256-4d06-8aa7-353570b4bddf,Canadianbacon.me,premium,,,70,12,14,,,
0efd8d44-2868-4dc4-8d67-a97d0eee6a2b,BulgarianHound.me,premium,,,56,72,15,,,
b6b8b6b7-1f36-49d3-b993-f4efd4c74bc3,dressingbox.me,premium,,,36,72,12,,,
0e109a1b-c4bd-4c52-8693-14e566170b54,boutonniere.me,premium,,,60,72,11,,,
90d68c52-a96a-4602-b353-71bf2b7fad00,abbot.me,available,11.99,26.99,50,80,5,name.com,,
68cc2014-356a-4608-801a-c9b3f5a7cc90,logicproblem.me,premium,,,36,72,13,,,
87e99363-11d9-4783-b6a1-43cd3f00c596,champagnebreakfast.me,premium,,,60,72,19,,,
46e0f515-0762-47d1-ad7f-7a528abcee87,cargohold.me,premium,,,56,76,10,,,
9a9c6dac-2d5c-457e-8d2d-d145d2e53d3f,spermwhale.me,premium,,,58,72,11,,,
c280e11d-986d-4c45-83b9-1e73be3edc0d,high.me,premium,,,68,31,4,Dynadot Inc,09/07/2008 17:04,09/07/2027 17:04
da04052b-a515-415e-a418-e65ee0a407e7,restaging.me,premium,,,58,72,9,,,
2ed32437-362a-4285-a2cb-572d3512c64f,chorale.me,premium,,,68,80,7,,,
cf9c8743-377c-43b2-9b37-3b9b6cac5f13,workedup.me,premium,,,48,80,9,,,
3cf9a9cb-d61e-4ab4-8bc1-fe92c0e6b375,revivals.me,premium,,,,24,8,,,
2c887633-c4ca-4d90-850d-b4773d510e64,seventhgrader.me,premium,,,64,72,14,,,
1fb31a73-da60-45a0-99c9-5cd5238fa017,playstructure.me,premium,,,58,72,14,,,
154a50e5-ef57-4828-9695-fbd44d3fad7d,handsels.me,premium,,,38,12,8,,,
adc2bece-4e74-4e87-bc7d-521ea7df667d,rattleoff.me,premium,,,54,72,10,,,
285364be-1404-4144-9403-698c79f85504,rewards.me,resell,,,,30,7,Dynadot Inc,10/07/2008 03:30,10/07/2026 03:30
a729e809-b5fb-4e08-bb16-5c3dcabb8afc,enginegenerator.me,premium,,,58,72,16,,,
ac958ed6-877c-4228-8faa-0d5e2c40f139,piezosensitive.me,premium,,,,4,14,,,
0d37417f-7cdb-492d-b04f-feec14ed6ecc,caramelapples.me,premium,,,44,12,14,,,
2a0d22c5-df1b-4ab1-b0dd-35870e3a00cd,forthesakeofit.me,premium,,,42,72,18,,,
188b6c29-3f8f-4d58-9a53-773e48585e32,height.me,resell,,,70,9,6,Dynadot Inc,13/04/2013 02:35,13/04/2027 02:35
3e895294-e7a6-4969-8e9c-3b03c079c0d8,glassrope.me,premium,,,54,72,10,,,
a0f1d020-fac6-40c2-b802-63d5415ebc76,graylaggoose.me,premium,,,58,72,13,,,
ac9ade3d-5388-41aa-b16e-e43a7f664870,Gmailer.me,premium,,,72,76,7,,,
2167adf1-9911-4f01-a870-09d209233a2b,plugging.me,premium,,,58,76,8,,,
506554bb-4c90-487c-b297-bcf297dd884e,postulates.me,premium,,,,8,10,,,
0c304ba3-7514-4f70-8831-dbf634e54952,blackcomedy.me,premium,,,76,13,12,,,
c13db48d-3ea3-4928-b23f-b75bf6b18e3e,scribbling.me,premium,,,58,68,10,,,
73d52030-f91d-48ab-9da0-a07ff17f6717,centereddot.me,premium,,,58,72,12,,,
546a420f-fae3-4f35-a36b-be6036ed085f,garmented.me,premium,,,48,1,9,,,
0d5b06bb-ba3f-499a-83d1-1b179adedb8e,tantamount.me,premium,,,92,84,10,,,
048744de-8df1-489f-b20c-cf2a1608e235,gokarting.me,premium,,,68,12,10,,,
9bbb3d5e-4dbc-4d2c-9dab-03713aeacf62,compactor.me,premium,,,54,80,9,,,
ad0c4920-c1f9-4d6a-8d24-ff0349a4438e,phoebe.me,resell,,,41,14,6,Dynadot Inc,03/11/2016 03:13,03/11/2025 03:13
e86f5dac-daa5-40b2-be86-cba780c44d67,popcorntea.me,premium,,,,72,11,,,
f5ec6ef5-32af-42d4-8024-9a7f3d7fde88,herdsmen.me,premium,,,40,8,8,,,
8ce52f63-c8ba-42f7-b7e0-418e62acfe30,manyan.me,premium,,,48,72,7,,,
16625458-ba7e-49c1-b325-7f4574c0abb7,minorities.me,premium,,,40,24,10,,,
30e4075f-8710-46a7-942e-cc1101426e6d,donuthole.me,premium,,,60,76,10,,,
e75df61a-1b5b-4a8f-831b-29c61d912d52,circuitrider.me,premium,,,56,72,13,,,
da80e358-ec3c-41e8-8990-28eb717e4074,employment.me,resell,,,74,16,10,Dynadot Inc,10/10/2018 01:09,10/10/2026 01:09
32348130-1d63-4630-afef-6cd4b4d229a2,woodcuts.me,premium,,,,16,8,,,
eaa347ef-17f3-479a-a023-3a316923651a,mugup.me,premium,,,64,76,6,,,
4a584874-2630-40d8-aa31-e8f1d66635d9,playfield.me,resell,,,76,7,9,Alibaba Cloud Computing Ltd. d/b/a HiChina (www.net.cn),03/11/2025 17:03,03/11/2026 17:03
dd0d5dd7-cd37-4374-93ce-52982e83bc7a,recumbent.me,premium,,,70,2,9,,,
80d7d810-fa56-4e94-ac9c-25f1aea8ed7d,brosbeforehoes.me,premium,,,42,1,16,,,
58956b0e-932d-441e-bc94-bb75a08a1cb6,lentilsoup.me,premium,,,50,8,11,,,
e3d481a4-3f9b-4ec8-9dc6-2926fce69a48,ignition.me,resell,,,70,88,8,Dynadot Inc,23/02/2015 01:45,23/02/2026 01:45
431cf0cc-2041-4b76-87b5-b0383b966a2c,lordness.me,premium,,,56,4,8,,,
44776ec6-4214-4e32-a951-b9c6a8175a87,abroach.me,available,11.99,26.99,82,1,7,name.com,,
f2b47b22-872b-4b42-95bd-3214005d30ba,transposing.me,premium,,,70,72,11,,,
5a3e8d26-f904-458e-a754-864c40c73abe,solartime.me,premium,,,,24,10,,,
b3f9407f-2925-471e-b6b1-21dedd261187,borninthepurple.me,premium,,,48,72,18,,,
e5f81834-7423-49b2-994e-66d2d659b3d4,derivedfunction.me,premium,,,56,72,16,,,
16f9d2ad-24f8-47ea-bd79-fbd43d20945c,chokerchain.me,premium,,,56,72,12,,,
7fef4f06-2ecf-444e-b06b-23abce50dff2,gewgaws.me,premium,,,36,8,8,,,
a149d596-31cc-4cd9-958e-2f724615944b,securityofficer.me,premium,,,58,68,16,,,
0430a3a2-00ec-48f2-a789-480e7fd11bed,haveotherideas.me,premium,,,68,4,16,,,
5603a896-8223-4fa2-aae7-c7bda2d3c1b5,firstexittime.me,premium,,,54,72,15,,,
a90d124e-7e3a-494d-9e16-57dcc476eb50,baroncourt.me,premium,,,54,76,11,,,
9c93e181-a2ac-4454-9cec-fde1d79fc14b,clumpblock.me,premium,,,58,72,11,,,
b20cdd98-83d6-4862-875e-4ad254b1cb82,stormcollar.me,premium,,,,72,12,,,
1e0777f9-2526-441d-a72c-3f23402d8fb5,count.me,premium,,,122,20,5,,,
bd3fc5e7-446f-4179-980e-4106040794a6,SaharaDesert.me,premium,,,,12,13,,,
8890d949-2279-48fb-8dfd-c28d3c6712e6,buckhoist.me,premium,,,54,72,9,,,
20b2ee3e-2929-4546-ad10-92d3db1f731d,inhabitants.me,premium,,,46,36,11,,,
48299540-7304-4860-97dc-3c4c6e9d65e1,peripherals.me,premium,,,,28,11,,,
f18febf7-80d7-4bea-acca-1298d8c5fbd0,ropewalk.me,premium,,,52,72,8,,,
5b40b4aa-fbda-4b47-898f-c3e8480cd6dd,license.me,resell,,,84,88,7,"GoDaddy.com, LLC",14/08/2008 17:46,14/08/2025 17:46
b19c0d93-ac02-49b3-a062-3cbc261fdc10,incisivecanal.me,premium,,,56,72,14,,,
58cf84ca-fd1f-4b12-9fe3-2fc2af8e9bab,callboard.me,premium,,,58,76,10,,,
2ec5299b-82be-4fa6-be54-e6c56f971856,pastie.me,premium,,,58,76,6,,,
5fb524ae-c46a-476c-9db1-a93ebf8e8575,condurangoglycoside.me,premium,,,52,4,19,,,
ba360b30-f1b2-4a47-84fe-42a8a667129c,Coonie.me,premium,,,50,76,6,,,
07f71e07-1445-4d98-ac34-fde40ab368d5,inthesamevain.me,premium,,,44,72,16,,,
b9138eef-9bd6-4b87-ae7c-877b31ec7fd5,flavorso.me,premium,,,58,76,10,,,
d8cabe85-57bb-4db9-a550-73135a6327d4,Batesmethod.me,premium,,,44,72,12,,,
822312da-e1e8-46ab-98b6-0af6e6a0fa45,abrasion.me,premium,,,54,76,8,,,
964fee52-3ec0-4855-b5df-47dcb95ff942,oldriver.me,premium,,,,2,9,,,
26e73927-b33a-41a3-a241-72640777c1f4,bacchant.me,premium,,,64,1,8,,,
a729be9d-b455-40b0-98c0-18af2ce32079,fuzzymath.me,premium,,,58,12,10,,,
efa55721-5303-4b96-b539-920b1f294992,corporatization.me,premium,,,52,8,15,,,
510af931-ba9e-40f8-b605-7930a15c07a4,groupdynamics.me,premium,,,56,76,14,,,
b7dd9b09-8914-4f06-be11-0f3eb5a6c5d4,workstudy.me,premium,,,,80,10,,,
7c507050-839a-4c87-8ec4-af079ac8e38c,boxelder.me,premium,,,56,76,9,,,
ea2e79cb-1e93-4fd2-9757-f830894f9dda,archenemy.me,premium,,,50,76,9,,,
18f6396d-91a2-4989-8c1d-bc0c4505f33f,smoothnewt.me,premium,,,58,72,11,,,
a570d6f6-920b-4b9e-acd8-88a894411e21,woodcutters.me,premium,,,,16,11,,,
1822c90c-acec-4841-bc16-9e5755d34479,newsful.me,premium,,,60,76,7,,,
182567ba-35d3-4797-be0c-e07710599761,curtainring.me,premium,,,58,72,12,,,
8ffdb3b4-9377-4b74-a26c-f95fb9c29f5f,windowed.me,premium,,,,76,8,,,
d4aa6d2c-8bb4-4efa-a232-d4554becaeed,expansional.me,premium,,,60,12,11,,,
ae11b326-4fc4-45f5-b388-c4d11d18759d,ecologicalpyramid.me,premium,,,60,72,18,,,
fafc605a-9e56-4a95-80dc-581ca1a64104,layclaim.me,premium,,,60,72,9,,,
20aebcf5-b8c2-4116-9790-7a09a7a9d027,bronzemedalist.me,premium,,,62,72,15,,,
3a52a517-fd89-48ef-b5eb-2ab537d50077,boxmetal.me,premium,,,38,72,9,,,
c8ae04d8-139e-4b7f-a019-b5d84510d608,funnybird.me,premium,,,46,72,10,,,
cffc236f-2be6-4c1a-a83b-48e1284fdf95,threestars.me,premium,,,,72,11,,,
c827aba6-c9c6-4f73-adcf-d1cd205b563a,Chinesewhispers.me,premium,,,58,72,16,,,
3f806108-0d89-4a2e-93e0-d8b91f0b8a8e,ripplevoltage.me,premium,,,54,72,14,,,
01e01140-99b9-43cc-b60c-40c15fbddf24,ewrestling.me,premium,,,60,16,11,,,
31cd5b58-d7ab-4906-9a79-99e3062841f5,aquiline.me,premium,,,46,3,8,,,
80f10ec7-17f3-4e34-937f-5fe0cb9901fb,withonehand.me,premium,,,,72,13,,,
c4dfa71b-eaab-406c-ace1-3617f97c3fdf,hotdesker.me,premium,,,58,72,10,,,
a4cf3641-5fb2-4a60-804f-30b54065893b,benzene.me,premium,,,62,84,7,,,
f34d5f23-43e5-4c41-ae8e-e29a289a6a47,yellowpine.me,premium,,,,80,11,,,
112d39ed-fe00-455d-9efa-64b3124bf1ed,very.me,resell,,,92,27,4,"GoDaddy.com, LLC",17/07/2008 15:01,17/07/2026 15:01
73d738ba-b529-4a41-bf8c-a443ade31c9e,Latine.me,premium,,,84,76,6,,,
67a5495e-f047-41e6-add9-c96be23401d3,Coquelles.me,premium,,,46,72,9,,,
d48dd0af-fdcf-42d5-880f-78480fa09236,lieutenantcommander.me,premium,,,58,72,20,,,
22f2dc2c-3be8-443b-b5a1-f06a918f4d0b,advisory.me,resell,6541.2,26.99,80,17,8,Dynadot Inc,12/03/2019 07:10,12/03/2026 07:10
f037dff5-9226-434f-b0fe-875b2a7de1c7,posited.me,premium,,,,4,7,,,
816d9658-0a1c-47ca-8415-46ae8eeef603,refraining.me,premium,,,58,72,10,,,
91ac9c69-85fd-432b-bd25-709bf2fbe558,commonyeoman.me,premium,,,62,72,13,,,
71f3ac81-7be1-4626-b2f4-71f8e2d273bd,Westoning.me,premium,,,50,72,9,,,
44d07047-2988-404c-86e6-7b71cc431864,downwarddog.me,premium,,,56,16,12,,,
5cb371fe-9c32-48b5-a0ac-a5a6e6233775,channelcatfish.me,premium,,,52,16,15,,,
2e0f5df2-0d9e-46ef-9ecd-d611e89406e7,compassionateleave.me,premium,,,66,72,19,,,
00e349ed-665c-469d-86ed-37d17fdc40df,tennispro.me,resell,,,62,76,10,"Chengdu West Dimension Digital Technology Co., Ltd.",14/11/2024 20:07,14/11/2025 20:07
c6721e58-6e64-4ebe-9577-e5e92494cb5c,toughest.me,premium,,,,24,8,,,
a416415e-6ba9-44dd-911a-0a5491d05788,touchachord.me,premium,,,,72,13,,,
ee7af345-235b-4b8a-b67b-56f408ff6381,anyandall.me,premium,,,42,80,11,,,
4cea3358-16b4-4acf-aa28-f03739be6524,enact.me,resell,,,76,80,5,"NameCheap, Inc.",29/05/2024 02:01,29/05/2026 02:01
39743b2f-bc57-42a6-9145-692d4b2dbe5a,firstparty.me,premium,,,62,76,11,,,
f9c697f0-330f-466e-b5cf-03156f290551,growingmoon.me,premium,,,64,72,12,,,
84ca538e-12f4-44b8-92bb-5d6fa8ae9832,silverspring.me,premium,,,,76,13,,,
9267b511-e7cf-49d0-a9ac-c1394ab23f2f,professedly.me,premium,,,46,72,11,,,
a36a7d95-5a3c-497c-904f-2d9e05ea5325,popupadvertisement.me,premium,,,58,72,20,,,
50a6dd6c-3007-4248-b4eb-8ab6844bc7ce,upcurve.me,premium,,,88,80,7,,,
0539cab6-b40f-43c0-a8af-6efa68af1f4f,juniper.me,resell,,,56,84,7,Dynadot Inc,01/05/2016 06:19,01/05/2026 06:19
d148a871-47ab-4fac-92b3-cad1174bd001,clxv.me,premium,,,60,1,4,,,
e93a24b9-7cb8-4fd6-9d5d-e914adf11c89,alternation.me,premium,,,54,76,11,,,
0d8f1962-1b9f-4c7c-82af-abc2015a3443,repatriation.me,resell,,,,48,12,"Chengdu West Dimension Digital Technology Co., Ltd.",14/11/2024 21:08,14/11/2025 21:08
498a0c36-d7d1-47de-826d-90fe76dc563c,chiliburger.me,premium,,,44,4,12,,,
fde6d3d9-02a8-4a04-91b8-ab2e950f7696,getthedropon.me,premium,,,66,4,15,,,
44519f63-8bc0-4e16-a7e6-40a41d004cfc,modalverb.me,premium,,,52,72,10,,,
ef3d5c1b-99be-4d2a-bb3b-26d9681b2a17,pitchout.me,premium,,,,76,9,,,
1682aba4-f0a9-46ed-9752-86bd7c617494,raregroove.me,premium,,,,16,11,,,
290eedec-0b9c-4240-a153-06492c12d27b,dothehardyards.me,premium,,,36,72,17,,,
5d606a0a-8625-4d81-8d39-08cf517f87b3,processcolor.me,premium,,,52,72,13,,,
822f103e-43fc-4fe0-bc8d-255574b63d94,amphoteric.me,premium,,,46,1,10,,,
8630d850-3d0d-4668-bd0a-8c78d9685806,printer.me,premium,,,62,84,7,,,
9130933b-91d9-4089-b4af-84e6f5a74ce0,towelled.me,premium,,,,8,8,,,
95f84ce7-9eda-43b4-97ba-6bcd31e918ca,grandpiano.me,premium,,,66,72,11,,,
15e68895-8db9-491a-a5ac-636c4e24bdf5,NSERC.me,premium,,,50,72,5,,,
4372983b-f6b4-4553-826c-e0e568a8389d,shareware.me,resell,,,54,84,9,"Chengdu West Dimension Digital Technology Co., Ltd.",14/11/2024 19:14,14/11/2025 19:14
b7dd7c24-74d7-4e7c-832e-523acbe1b4e1,onprinciple.me,premium,,,,16,12,,,
cb900398-26ea-4a7d-b695-43416cb42856,GreatBedwyn.me,premium,,,52,72,12,,,
c92ebf71-fa56-4837-af33-72303af3bcd4,airrights.me,premium,,,58,76,10,,,
beae5c3a-fd3a-4a54-936d-d32027679053,redmeats.me,premium,,,,8,9,,,
4e6bc10c-662f-4e80-847d-528f4c8e4362,consolation.me,premium,,,58,84,11,,,
f4d43398-e3f6-4d94-ad62-e937ee1a7191,Cartmanian.me,premium,,,50,72,10,,,
0f1bd678-dea2-4d7a-8cb2-c81eb947701f,bryan.me,resell,,,60,23,5,Dynadot Inc,14/07/2024 17:00,14/07/2026 17:00
fc85880d-66e3-492f-9587-db3d8f3acfdb,moldboard.me,premium,,,58,72,9,,,
93c8e09c-a464-4ad5-8c19-20ccbe77b532,gardenpea.me,premium,,,56,72,10,,,
fe693892-0afc-4d66-8464-a34e27210ada,crimefighter.me,premium,,,62,76,12,,,
d94f6d55-8faa-4d98-b423-d6642cd035a2,soubadar.me,premium,,,54,72,8,,,
36f73482-653d-430c-afea-10e5f0e0a4bc,quittingtime.me,premium,,,,72,13,,,
f4dd0377-74a8-40d3-9c12-d95e884071e7,semiprecious.me,premium,,,,76,13,,,
e01a6152-eb94-414e-89b2-13d4286ce732,enablingact.me,premium,,,46,72,12,,,
05913227-366b-45fc-9b77-0d2313168d09,potfarm.me,premium,,,54,72,8,,,
4f1a34a6-8ac6-438e-be84-a9dbf8ccaabf,greengray.me,premium,,,38,72,10,,,
f07131b8-3f38-4465-9f11-2fa4de28723c,RoshHashanah.me,premium,,,,20,13,,,
ecf28143-5a60-45a4-9271-a1b298e4ce80,readminds.me,premium,,,,72,10,,,
d6f5515f-7a4f-4c6c-bac4-916494d3ee83,Indianrhinoceros.me,premium,,,62,72,17,,,
869435d1-3b9b-4805-b6c8-22ae7bbe39fa,sugarpill.me,premium,,,58,80,10,,,
c0f964dc-7976-4e5e-a0b3-a21a13fb62dd,rustling.me,premium,,,58,72,8,,,
79ae822c-f14a-424f-9eb4-f54b3721fce3,dealers.me,resell,,,52,32,7,"Name.com, Inc.",21/09/2013 02:35,21/09/2025 02:35
a698d8de-d4b7-49d5-9869-d9679f6bada1,registerer.me,premium,,,56,76,10,,,
be6a1520-e9c6-4b08-bc3f-83e0b02a1948,newsperson.me,premium,,,62,72,10,,,
e6ab53b4-c395-4be3-bf33-c6f65d805d2a,barelegged.me,premium,,,50,1,10,,,
1a298b3c-d147-468d-9c99-0cfb51f2e405,gaap.me,resell,,,66,76,4,"Chengdu West Dimension Digital Technology Co., Ltd.",14/11/2024 17:26,14/11/2025 17:26
2caf0ddb-1fbc-47f8-a50d-16dc1f415a10,LEDanalyser.me,premium,,,60,72,12,,,
588d9556-ef06-4f5d-b41d-0f4a14a85c81,radialtire.me,premium,,,62,72,11,,,
a6a5ba57-a241-4591-9c11-cc51fa64f1de,workingwoman.me,premium,,,,80,12,,,
03450b08-39a9-4e08-89e2-d429a7bc0f6a,aqueduct.me,premium,,,66,88,8,,,
b3458747-40db-42fd-8247-ec3859bd27bf,theotherday.me,premium,,,,76,13,,,
e62e1e88-1415-4118-9556-12263499d633,knowingly.me,premium,,,58,80,9,,,
d09e6031-3dee-4a24-a939-0a6fadb54f3d,firstlieutenant.me,premium,,,60,72,16,,,
2d4d6546-c1ad-4827-96a4-10ed5cdee6bd,goldenager.me,premium,,,44,8,11,,,
fe75a6eb-8bd0-47e3-a7dc-fecd37add660,Masisi.me,premium,,,52,72,6,,,
64f99e26-77e5-49e1-976a-e913d5e8abc5,butterflyball.me,premium,,,46,12,14,,,
e5ea3917-7d95-400f-931c-c3ff6ba67707,Indianskimmer.me,premium,,,56,72,14,,,
6d3b5b18-0a04-4d86-a6de-d6030b289cfa,insuchaway.me,premium,,,48,1,13,,,
19f2bd2a-0ac3-46d2-9797-4718bbf9e62b,wigout.me,premium,,,78,76,7,,,
a6ba1ffb-53ac-42a9-868e-ba95a001ac15,fruitofthesea.me,premium,,,64,72,16,,,
dd59da2c-4f0f-44a3-9e99-b832c322ad4b,atheist.me,resell,,,88,11,7,"GoDaddy.com, LLC",03/08/2017 01:07,03/08/2026 01:07
e8fedc48-a636-4c34-b383-3640adef3966,turbodiesel.me,premium,,,58,76,11,,,
cc201855-9313-46b3-891b-84d8940addd7,historically.me,premium,,,52,72,12,,,
67a1e677-a6ed-40e2-a6d2-1f4fa2bb5c4a,promenades.me,premium,,,,24,10,,,
9eca8754-b493-4d8b-b8ad-802643b92f40,wetdown.me,premium,,,,72,8,,,
19a69a85-9947-4958-b241-c271f8101cb5,chestwall.me,premium,,,50,72,10,,,
3615864c-6b95-45e5-be96-aa36b2de1cfa,earn.me,resell,,,66,28,4,"GoDaddy.com, LLC",17/08/2008 08:28,17/08/2026 08:28
8761b9fa-79bc-447f-9513-373524017525,postwar.me,premium,,,58,76,7,,,
554ac4ac-41f9-4b90-8708-f21c00b3cea1,chewer.me,premium,,,60,72,6,,,
01a6984f-709a-4c8e-adbc-62f873839377,surplice.me,premium,,,54,72,8,,,
9a5a7b2a-5c69-4929-a9f2-1240e18faf23,optimistically.me,premium,,,56,76,14,,,
5e1cdb33-593a-4264-8761-4cbb62440944,bodyhair.me,premium,,,58,72,9,,,
b7185b1b-69a4-4572-9254-504cf72f914d,FarnhamRoyal.me,premium,,,48,4,13,,,
46e4b497-2405-41d1-8143-3aa804fddad6,redant.me,resell,,,58,80,7,"Chengdu West Dimension Digital Technology Co., Ltd.",14/11/2024 18:30,14/11/2025 18:30
a2512ee0-d4e1-4c7f-8cf7-b544da76aa6b,rosydrop.me,premium,,,,20,9,,,
cccba18f-10b1-4950-a02a-b9147772fe50,agonized.me,premium,,,54,1,8,,,
24f7a25c-ef06-43c9-9c43-e905f9c75113,flatheeled.me,premium,,,50,8,11,,,
3df5000a-6015-4ad1-a952-fe3ca5629312,soursalt.me,premium,,,56,72,9,,,
cc07edc7-b6e4-4c84-bdf5-82f851e1909d,recognisably.me,premium,,,42,72,12,,,
159d43ee-7501-42f0-b2eb-82a3e53b709a,coastal.me,resell,,,52,80,7,"Spaceship, Inc.",15/12/2011 02:35,15/12/2025 02:35
790c3a67-91c8-4e05-a9f9-8faca1f26c3e,middlemarket.me,premium,,,48,76,13,,,
b903fa5e-7599-4e51-9b50-8d912eaff8cb,continuousfunctions.me,premium,,,36,8,20,,,
4ab1f6c1-1d5b-4281-89cb-4a3707b50132,princesscut.me,premium,,,60,72,12,,,
0f786bd6-a92c-4f3b-962f-69d3287f53d1,midtemporal.me,premium,,,50,4,11,,,
56d8e9a6-90ae-4413-a020-85c41202d56b,interestedparty.me,premium,,,40,76,16,,,
cb75fb7b-ede7-4256-866e-92d0cb6955eb,calledtothebar.me,premium,,,34,72,17,,,
c9dc6e11-0238-4cbb-9be8-2b1e732c4503,joked.me,premium,,,50,24,5,,,
94605b31-cdaa-4f9f-b53d-c500397a1198,gypsyswing.me,premium,,,62,76,11,,,
e5b916f3-9698-45fe-89da-9322456e15c8,tensionspring.me,premium,,,,72,14,,,
90080301-598b-4da8-bee3-0e41974a1edb,controlverbs.me,premium,,,38,4,13,,,
520dda8d-49ea-4034-b416-f4652a7fab7f,principal.me,premium,,,90,22,9,,,
3ace0e5b-beb9-4b7c-8ffb-aeb9ba4eb379,kiddingaside.me,premium,,,40,72,13,,,
be5858e9-4be2-4215-abc8-7ee999f28b97,unveils.me,premium,,,,12,7,,,
1883fa73-e44a-481f-a022-3f2b34f5c96f,tumbleon.me,premium,,,,8,9,,,
0ad6b0d1-bcbc-43e7-ba0f-e6f6ddd56806,redemptivearc.me,premium,,,64,72,14,,,
2985fcef-c0fe-4692-9232-6a6a4c2d15d2,duplicable.me,premium,,,52,72,10,,,
027d4800-b4de-4f83-a04f-eccef86d70b1,housemaid.me,premium,,,56,76,10,,,
8a50b409-dc1e-4ff3-915a-5cd36c62c46d,keyboardshortcut.me,premium,,,56,72,17,,,
b101edee-d0a0-4034-9c08-464e49017c80,silverore.me,premium,,,,72,10,,,
7fd32c20-25ac-403a-832c-50ca9303510b,antiacne.me,premium,,,66,24,8,,,
0d8e7733-80a7-43b1-8e62-4706dd4e7adb,silkyoak.me,premium,,,,16,9,,,
0e70f053-d2e8-4cce-9d71-21d13118af8d,dayandage.me,premium,,,54,80,11,,,
cfb0bc63-7042-4af8-a497-f8d6a0f1a438,peopley.me,premium,,,,80,7,,,
6099df38-786b-48bb-814a-0e0bfd545e72,neon.me,resell,,,78,88,4,Dynadot Inc,17/07/2008 17:30,17/07/2026 17:30
5d277b78-b6e9-4f87-a24c-19c3318d96c5,acidulousness.me,premium,,,54,4,13,,,
243e5075-2ae7-4209-a37b-0bf1254a6865,phasespace.me,premium,,,,16,11,,,
1b6f39fc-6766-4e2c-807d-2e58c3f6c18e,guardofhonour.me,premium,,,54,72,15,,,
169fcb89-faec-460f-b6b5-f5daa046de3c,genders.me,premium,,,44,24,7,,,
ee8a3e0c-3900-4d74-a245-fee8c5313064,CountyofSussex.me,premium,,,48,2,16,,,
91f2d728-2525-461b-accc-443ee35a1d11,seedplant.me,premium,,,56,72,10,,,
40d25324-9e5c-4b5a-be86-340a3dfe0ad8,phoneticalphabet.me,premium,,,54,72,17,,,
fed5a392-7aa2-4fcd-91ac-9a840162e5dc,gridironfootball.me,premium,,,60,20,17,,,
c0fe8f68-a5a7-48ca-b82b-3ad8f9d2d604,incircuitemulation.me,premium,,,38,4,20,,,
b7145ee4-7fcc-4f5f-a015-c33ffcf6c62b,dendroid.me,premium,,,70,2,8,,,
e89e7dae-8619-419c-aebd-60dcf7de262b,cashondelivery.me,premium,,,64,80,16,,,
696ac005-12be-4c64-8567-ed568c36bda5,netmelon.me,premium,,,56,72,9,,,
d58282e6-6f41-403a-a49a-6db7f6d294f8,dayplanner.me,premium,,,56,76,10,,,
b99f2d25-01d4-4ac1-b7af-b743c1319104,hippodrome.me,premium,,,80,84,10,,,
13df5bab-1830-4069-8ad0-5000f2290838,watercloset.me,premium,,,,16,12,,,
acc1c032-ff23-48b9-a163-2a90f3f8a5f5,twofer.me,premium,,,60,72,6,,,
255e63f4-936e-4615-bc2d-6c6b8ab914b1,freeofthecity.me,premium,,,56,72,16,,,
d5a3aec8-0fa7-438b-8ca5-ff4733a7566c,ninetiethly.me,premium,,,,72,11,,,
abd91e46-4744-4918-aa77-f4a27b53c23d,allconquering.me,premium,,,56,72,14,,,
718b3b7f-0ab5-405c-b26a-2bfc7688b4f9,Indianink.me,premium,,,52,72,10,,,
3c4a00db-a30e-4eee-b319-05cc37410aaf,transits.me,premium,,,,28,8,,,
c9ade1a2-d7b6-43be-92de-4a415a0c1d73,safetyorange.me,premium,,,,72,13,,,
f1952bdb-bc95-4765-b52f-cf0844530096,treatment.me,resell,19548.85,27.99,78,15,9,Dynadot Inc,18/07/2008 05:45,18/07/2026 05:45
5694e27e-bce4-4565-b6a9-614a2eed33a9,ares.me,resell,,,50,84,4,Edomains LLC,22/06/2025 15:15,22/06/2026 15:15
eeb09441-5ff3-436f-917c-be130271fa1d,newshekel.me,premium,,,,72,10,,,
16f6c474-3a65-4f81-956b-4a798513107f,actofparliament.me,premium,,,64,72,17,,,
26fe54fb-aa83-4d98-9f5a-a354d25172e4,roundtable.me,resell,,,62,84,10,"Name.com, Inc.",22/02/2015 06:06,22/02/2026 06:06
00e88afa-af50-4058-8002-08733b644813,decree.me,resell,,,78,76,6,Dynadot Inc,03/07/2015 02:43,03/07/2026 02:43
45a0d798-8999-4d47-a1c7-fa414a7b6f66,Elliana.me,premium,,,50,72,7,,,
365e64cc-236f-4236-8e5a-11261112ab6e,spiffiest.me,premium,,,,8,9,,,
f008ef74-5b71-4df4-8e4a-456106654cba,shake.me,premium,,,60,76,5,,,
200fc99f-2450-4b74-9219-872e96eb9d0d,runchase.me,premium,,,60,72,9,,,
12da4697-0b8f-43d7-9d8c-578ef85ccd00,washandwear.me,premium,,,,72,13,,,
3ca42d13-6868-46ec-bab7-e3615534bb8b,birthdaysuit.me,premium,,,54,76,13,,,
026af05e-9e45-4a90-a542-bb9ed759bc31,linedrive.me,premium,,,56,80,10,,,
ea8b2002-d01b-4a15-bfe6-b88c789b0b69,repugnant.me,premium,,,52,2,9,,,
1fcf6848-6f71-404b-ad67-f25a9ba6512f,capturing.me,resell,,,38,24,9,Porkbun LLC,23/09/2023 20:58,23/09/2025 20:58
6666030e-9c1e-4c6a-92f7-75f308a097a2,trousersock.me,premium,,,,4,12,,,
decc9633-a609-4ab8-86d1-11e071b02d0a,merging.me,premium,,,74,76,7,,,
a04fbe3e-17b0-478f-969b-c2f2f49fbb0a,lvii.me,premium,,,56,2,4,,,
2179a05d-19f0-4fc7-8be2-9fabbb8670a6,hardsoap.me,premium,,,58,76,9,,,
13f98766-e3ae-4dde-885d-de2265acfba0,Leannah.me,premium,,,56,76,7,,,
910bf4c2-7bfe-4a55-a736-90013f2d859f,hitthegym.me,premium,,,66,72,11,,,
3a78e909-96b8-40cf-a146-da424d4ae2e0,sellup.me,premium,,,,84,7,,,
622ba51d-c0fd-4364-8997-b1cde303cde3,sort.me,premium,,,96,18,4,,,
eea2c2b1-349c-4dee-a219-64bf3e98c5e1,supercargo.me,premium,,,58,80,10,,,
7ab73020-1e3e-4f2d-97b3-01f9acba502b,younglike.me,premium,,,,72,9,,,
5cfc555d-b6a5-4e60-98b0-6d84350a0024,beastfable.me,premium,,,36,72,11,,,
214143b7-1a1d-4588-8846-e422008a14d6,talkingbook.me,premium,,,58,76,12,,,
60c983c4-0be9-4499-9cfb-dd4ed91b9b8f,microscopically.me,premium,,,44,72,15,,,
91f666b8-6194-4f69-a17d-7d91e6f77056,AllHallows.me,premium,,,58,72,11,,,
eb00aa50-5f85-4c47-853e-b8afc152b9b0,holdthering.me,premium,,,62,72,13,,,
837dae56-68cf-471e-982c-dd54d6784a7b,HolyChurch.me,premium,,,62,80,11,,,
d60862aa-cf0e-42cd-a0fe-7560101b7269,yearrounder.me,premium,,,60,72,12,,,
afa3203e-8678-493c-8e5b-ddf65e3df126,lightskirts.me,premium,,,38,72,12,,,
2a6bfbc5-fb65-4e60-8410-875cfaa09cf4,securer.me,premium,,,60,76,7,,,
2f1afe31-24d3-46ea-a437-368e70fecb5f,cote.me,resell,,,50,76,4,"NameCheap, Inc.",21/07/2008 12:27,21/07/2026 12:27
032df727-3467-437d-bfde-11ebd9edaf66,NegroAmerican.me,premium,,,54,72,14,,,
06b56f38-c2b2-4938-8bd5-6b3f3be260ae,fishstew.me,premium,,,60,72,9,,,
b2e424dc-cc8d-4b5c-9b4f-427cfcd1b1cd,limitation.me,premium,,,56,3,10,,,
4faf14c6-f522-429d-8b11-48a648dc0720,sexinterest.me,premium,,,,72,12,,,
7df9a381-2aaf-4e96-acb5-7a5782d40862,slumcannon.me,premium,,,54,72,11,,,
970b38cb-5ee3-487c-a900-0a12c3ef57a5,muharrum.me,premium,,,58,72,8,,,
33a08895-63f0-4dd8-b363-58610bbcbff3,LittleWelnetham.me,premium,,,54,72,16,,,
45bf8a69-15d1-4099-bebf-2e04817cb803,basidial.me,premium,,,42,1,8,,,
cfeef3c6-9dd9-4e6c-8a99-99b901dbb989,clearsighted.me,premium,,,58,72,13,,,
75a1ff44-d443-4a54-90c5-de960e92622d,Barclaycard.me,resell,,,68,80,11,"Chengdu West Dimension Digital Technology Co., Ltd.",13/11/2024 17:39,13/11/2025 17:39
20b72ccb-dff0-4ac4-af4f-c93be341295d,insertion.me,premium,,,58,72,9,,,
8a8d61a3-4812-4627-8685-24b12825ea68,outofthewoods.me,resell,,,62,80,16,"Chengdu West Dimension Digital Technology Co., Ltd.",08/11/2024 13:30,08/11/2025 13:30
9b63a918-eeb0-42c5-bcfb-d4c969133d28,baluster.me,premium,,,60,72,8,,,
361c5714-48ff-473c-8e2c-ef428d461124,slitdrum.me,premium,,,60,72,9,,,
b176b875-fd07-4d92-84a1-b5a4b6fb00b9,freetown.me,resell,,,58,76,8,"Spaceship, Inc.",01/12/2024 04:20,01/12/2025 04:20
d4098316-7284-4e77-8539-5bb4494f74b6,fixedfield.me,premium,,,50,72,11,,,
4ded114c-c065-4482-95ee-dfe62bce03c0,yellowpepper.me,premium,,,,72,13,,,
4cae1463-126e-465a-88ef-ef5237de2173,firsttime.me,resell,,,70,10,10,Dynadot Inc,08/09/2025 07:40,08/09/2026 07:40
28cdfe67-44e7-4107-93d0-a1bf85f3a97b,Arabiancamel.me,premium,,,64,72,13,,,
72c2b201-14e8-4438-a82c-04d035f255e2,trackball.me,premium,,,58,72,9,,,
407a1d05-9671-4cc2-8787-39dec375f035,Coachella.me,premium,,,60,76,9,,,
117383ba-0411-4573-9894-9b49a89fb28e,Atlantick.me,premium,,,50,76,9,,,
73491b3c-a5c9-476d-b2a7-c4ce2e705f9f,vinylacetate.me,premium,,,,72,13,,,
7c089c24-f78f-47c1-8c3b-200804c59eb8,littledogsyndrome.me,premium,,,58,72,19,,,
570a2932-c67e-4bda-ba0f-52f2e396d79a,superfreak.me,premium,,,56,80,10,,,
026b56ae-32ac-4b65-8be1-732c245fa9fa,fiveandten.me,premium,,,58,72,12,,,
f8b38a1e-f7e0-4c3b-bf94-0c14cd5d0202,childless.me,premium,,,54,72,9,,,
52799ebf-8ccd-4dfc-a3fb-cbd9231ab49c,GermanReich.me,premium,,,52,1,12,,,
3dc4d3d3-5c77-456f-98bf-234f9ec28efb,Esteculture.me,premium,,,38,4,12,,,
55407a61-a370-4092-ba6d-c3fa30390e5a,omen.me,resell,,,88,21,4,"Sav.com, LLC - 1",01/11/2025 15:15,01/11/2026 15:15
d842a0a0-b5b4-4c2a-95c7-6d796f2ae8f6,policyeconomy.me,premium,,,58,72,14,,,
b15883bf-cc28-4572-8f59-951848314176,shortsight.me,premium,,,,72,11,,,
8c1c1e66-1ab5-4de5-a7c9-49e87764f5e8,aeolian.me,premium,,,72,7,7,,,
e774dd38-ae60-4fe4-b759-0970d07caaa7,obliquely.me,premium,,,46,72,9,,,
ee38089a-3dd7-42b6-bbfe-b43b21dd55d7,nonbanking.me,premium,,,,8,10,,,
0cb4470b-172f-41e7-b872-f3a2987e012e,aetiologic.me,premium,,,46,1,10,,,
561aa728-2cf5-4402-9aa4-e7c4b35e8188,leninism.me,premium,,,56,72,8,,,
8dff2052-af59-4853-b918-8ef1491dcc17,koufta.me,premium,,,66,72,6,,,
a4f0af4b-5786-4658-b301-5b33b2b6a4ee,tucking.me,premium,,,64,72,7,,,
799135bf-b593-4643-908d-d3d77b637612,latchkeychild.me,premium,,,50,72,14,,,
1c3e1ee1-8272-4c94-8e28-5de6283cbe61,eachweek.me,premium,,,48,72,9,,,
e3604852-2574-4718-8c31-0997b67d2be8,midaugust.me,premium,,,80,72,10,,,
33091314-3bf8-4a6d-9e2f-51f942c8c6c6,soppy.me,premium,,,48,3,5,,,
0af58fb7-c476-4ba4-a8fb-86780856e49d,slabongrade.me,premium,,,,8,13,,,
c77754df-d5b4-4bfe-808a-6eb632647445,concertante.me,premium,,,58,72,11,,,
893540d1-59c7-4c4f-85ba-2005550c9468,NeoshoRapids.me,premium,,,,72,13,,,
d70edc7b-5e18-4016-874e-2ad1e7885d98,musicologic.me,premium,,,,72,11,,,
499f66f9-de1b-4b8e-a8d3-6d3d04a66681,handandglove.me,premium,,,,72,14,,,
8d7b4fad-627e-41ef-88b5-96590bec38c9,countywide.me,premium,,,68,80,10,,,
262ef05c-918f-470b-a8b2-f28651ffceb5,lockers.me,resell,,,44,44,7,Dynadot Inc,20/06/2025 17:00,20/06/2026 17:00
ff1e49a9-e2fb-47a2-8152-bb2604e5d7c1,herbparis.me,premium,,,64,72,10,,,
61b09ab9-acea-494a-8221-eaf272589447,pointoffact.me,premium,,,,72,13,,,
a35682cc-b9f2-455e-99bb-434f6a41ec5a,daypack.me,premium,,,60,72,7,,,
da988c43-7046-4afa-a648-a7d975dc6b89,weighup.me,premium,,,,76,8,,,
089b3097-caa0-424d-bcf0-dd32b7c6b65a,expletives.me,premium,,,36,8,10,,,
c896d817-8175-48ef-b69f-1982dba8f38d,searchwarrant.me,premium,,,58,80,14,,,
8e5c43ff-867b-4182-bddc-fa8776d17455,becomingly.me,premium,,,50,72,10,,,
3153c2bd-2db5-4151-890a-6b8b0e2ac066,bootblack.me,premium,,,76,80,9,,,
65ee3e55-2d82-4046-b607-aadb1be1f034,Sundaydriver.me,premium,,,56,72,13,,,
f9a08590-3f3e-4276-8a1b-539f317cc40f,divorcedenergy.me,premium,,,54,72,15,,,
fda8a1a5-00bd-46da-b235-d74372f04739,cowgirlposition.me,premium,,,58,72,16,,,
3feb6e18-2aae-4462-aed3-9ce477659daa,absolutemonarchy.me,premium,,,54,72,17,,,
437d7fed-e813-440e-bc7c-600c09d5eb96,milkperson.me,premium,,,54,72,10,,,
1dbd26b8-6cc5-4aa7-9974-a58f43b804dd,littletunny.me,premium,,,58,72,12,,,
3a60d3a9-f5f0-425e-b18f-5d11719a465b,appellate.me,premium,,,50,5,9,,,
fd294cb6-b578-409f-a2b9-c41507bb6a16,crossfile.me,premium,,,58,72,10,,,
3b56a750-3278-4ba5-aad0-7795c64aed5c,ralph.me,resell,,,58,76,5,Dynadot Inc,01/02/2010 16:34,01/02/2026 16:34
7bfd582c-3e72-4b73-a503-3dd270bb64f0,selftitled.me,premium,,,,24,11,,,
460bb646-6702-4fd9-9609-5e6f8f3489a8,mousetrap.me,premium,,,76,84,9,,,
9a32900c-589d-4cd3-98b2-8494642bb5ce,freecorps.me,premium,,,58,72,10,,,
6e566636-49e8-40eb-9254-d121246d6f21,Troyga.me,premium,,,64,72,9,,,
4f2290ef-fd64-4722-bf0e-5ba6732ce66b,softtargets.me,premium,,,,20,12,,,
b2c9ead8-82fd-4b08-8bdf-026121b5775f,Attouda.me,premium,,,54,72,7,,,
ecd42fe2-7bb7-4295-bf60-cb42dfafefa5,spell.me,resell,,,72,21,5,"GoDaddy.com, LLC",17/08/2008 08:24,17/08/2026 08:24
40b595f0-e81c-414d-b485-aa138705321e,Latosha.me,premium,,,60,72,7,,,
4f62d2ac-d0f3-4db4-937b-6692657d36e8,titrates.me,premium,,,,4,8,,,
1071b1c1-12bc-426a-b948-5fb0403c80f9,Sundayschool.me,premium,,,,72,13,,,
54757381-230f-4a76-963b-b8c1ddaaeb2d,shadowy.me,premium,,,58,76,7,,,
ae5d45e8-8d13-4214-a97d-42d3989e3977,rhymes.me,resell,,,,48,6,"GoDaddy.com, LLC",30/11/2010 04:48,30/11/2025 04:48
725d72b6-a358-43d5-a146-33403cf3bf50,sportssupplement.me,premium,,,62,72,17,,,
7abda42b-6d7e-435f-960f-5869ac7d0ccf,selfeducated.me,premium,,,58,72,13,,,
2d446560-0bd0-43ca-9dbc-a496e84af40c,ribbit.me,resell,,,104,88,6,"GoDaddy.com, LLC",19/01/2014 19:36,19/01/2026 19:36
e38ef7c8-03d4-4e1c-9efc-6626688ded80,rogue.me,resell,,,58,33,5,"NameSilo, LLC",05/10/2012 02:35,05/10/2026 02:35
aa9ed8a8-779c-45b5-84fb-26f061999a0d,articularbone.me,premium,,,38,4,14,,,
c5da7d95-3594-4482-9577-694cd8acae26,algophobic.me,premium,,,46,1,10,,,
507ff7c1-bdd6-4bf4-adf0-8a91070645cb,embryos.me,premium,,,50,32,7,,,
2585785f-29ea-4d9a-9536-17a8616d3def,amphimacer.me,premium,,,52,72,10,,,
76f0a3e6-5d67-4695-8e4a-c2b1a4465b6f,vigor.me,resell,,,80,17,5,Unstoppable Domains Inc,09/09/2011 10:10,09/09/2028 10:10
21589db0-ce68-4ee4-b54e-a4728b15d0de,usualoffice.me,premium,,,,0,12,,,
8206658e-826d-45dd-9578-316a45575caa,manybodyproblem.me,premium,,,68,1,17,,,
eae3a250-ef83-412a-a588-1f5f5cd6c106,clothesmaking.me,premium,,,58,72,13,,,
da6f9969-6c6a-432f-8245-5a8f3c7044c4,winaround.me,premium,,,,76,10,,,
9d594257-defa-4e7f-ac45-f8f034e617b1,unrhymed.me,premium,,,49,72,8,,,
fa0e3dc1-bb63-461f-a645-8cb3cf1122e3,snacks.me,resell,,,,48,6,"Name105, Inc.",04/10/2013 02:35,04/10/2025 02:35
ce5b9ee6-2852-45ce-8c1d-cb267a0fe944,midcoronal.me,premium,,,48,4,10,,,
5fb15678-cef3-46db-993f-931d278f158f,pillbox.me,resell,,,58,80,7,"Chengdu West Dimension Digital Technology Co., Ltd.",13/11/2024 17:53,13/11/2025 17:53
4d595eea-f484-4870-8c31-ced4b2329820,swimfin.me,premium,,,60,76,8,,,
f6ee30d1-c3c9-43f9-973d-0216e64fc661,Attadale.me,premium,,,50,72,8,,,
7069fe49-dcf9-44bc-9cc1-0c4c2a8ad083,dandelionwine.me,premium,,,62,72,14,,,
bb896a2e-d776-4c5c-8fd1-4bd788d3d71a,foambath.me,premium,,,62,72,9,,,
8e01789f-f6e1-4fc1-8b49-4e95d3aed174,jumpdown.me,premium,,,58,72,9,,,
d1a28b1d-195f-4cca-bbdd-fb36f6318d46,adsorbent.me,premium,,,74,1,9,,,
02fef728-3002-4fe4-be70-09661d459f9d,birthdayproblem.me,premium,,,54,72,16,,,
8a294cbc-9227-46bb-9234-0f1ede12cdbb,dogfennel.me,premium,,,54,8,10,,,
568f88f8-7672-486a-996d-704d3a2738ad,menopausal.me,resell,,,48,76,10,Dynadot Inc,30/08/2023 15:50,30/08/2025 15:50
6e6a8f42-159b-4997-a372-276ed536c21d,catchball.me,premium,,,64,72,9,,,
659c31ab-4c27-41a5-a2b1-217f644b414d,hadj.me,premium,,,65,72,4,,,
08e0a24f-818d-48d3-8c68-2c37b80c6191,brooch.me,premium,,,80,72,6,,,
b54d5f9b-ada2-465e-b115-4115f6ac2543,ArmenianChurch.me,premium,,,48,76,15,,,
49324b5a-f1e2-4c2c-a97f-d18cad49186d,intelligible.me,premium,,,64,80,12,,,
2deebd12-8d74-42ee-90c0-56b42e2e62f3,Phillipines.me,premium,,,64,72,11,,,
1ae3b84b-0aa3-448e-8aed-4cdc692a9c59,chatlines.me,premium,,,44,24,9,,,
8b7803ab-27f7-404f-b5ea-1d18f617d512,depiction.me,premium,,,56,80,9,,,
1c8385f0-724a-44ce-99da-c7b808916744,complementary.me,premium,,,76,80,13,,,
cec824d2-a804-4a12-9994-926031544d54,congregant.me,premium,,,60,72,10,,,
4f4cd715-749d-494c-8f18-b88152372923,commonsedge.me,premium,,,58,8,12,,,
b48ba284-6471-4238-8420-7373dc27938a,into.me,premium,,,62,28,4,,,
7f5f1fc5-5552-4ca2-8dae-7854df26b732,midsummersilver.me,premium,,,36,4,16,,,
790518e4-a44a-41db-8bc3-fb338aecb9cd,extenuate.me,premium,,,80,72,9,,,
64124417-7d1c-470d-b675-a2ffdfe32896,sailingship.me,premium,,,64,68,12,,,
baba6349-8fca-4155-9dee-617f230e914b,shreveport.me,premium,,,46,76,10,,,
98b00a21-aecd-4d6e-98fd-453bc0f1c5bd,wellrespected.me,premium,,,62,72,14,,,
dea47100-cebf-4c5c-bf01-c144dcdf91b5,justifiedness.me,premium,,,50,4,13,,,
47d3a13b-f9d0-49e4-af18-8ffc82128d26,femalecondom.me,premium,,,64,76,13,,,
a5bddbfc-f867-4ee6-9e1a-64d4809e60f6,lemonsoda.me,premium,,,60,76,10,,,
e658c9de-bb47-4c93-92ef-89db8e1dbe4f,GermanSea.me,premium,,,50,72,10,,,
d17939d7-e6de-4429-8087-4abf9bc1b3a6,motorinn.me,premium,,,56,1,9,,,
dcbe2f6e-d2c5-4cb9-89a4-dd9aeb7c64de,BOJ.me,resell,,,52,76,3,"Spaceship, Inc.",13/05/2024 10:38,13/05/2026 10:38
a6a08ba8-35b5-4cb3-93c4-569588671c8b,speechlike.me,premium,,,54,72,10,,,
c861fe34-345c-4cb6-917c-bbae83ee6786,portofentry.me,premium,,,,1,13,,,
8b9b9329-4a71-43fd-aa32-5c8e0c037f6c,animalcoat.me,premium,,,36,4,11,,,
52fb494b-f894-45cb-b070-8d309a19a52e,fiscalization.me,premium,,,50,72,13,,,
39316284-a4a5-45bb-af06-c3855461c6fe,Disneyphilia.me,premium,,,64,4,12,,,
0409f9dc-f22c-4d2d-ad1d-81ed7838dd2e,KingtonLangley.me,premium,,,48,72,15,,,
2f0161e9-ec65-4bb4-8f0c-7f0fee253d66,crawler.me,resell,,,60,84,7,Dynadot Inc,20/02/2015 05:46,20/02/2026 05:46
998e6c21-c971-4f90-96ea-c34636bc88a8,carbonigenous.me,premium,,,32,72,13,,,
e37d1286-feca-48f1-87fd-84fd3e1ea17c,browserless.me,premium,,,52,24,11,,,
d87e5d77-ef15-4fe4-b21c-09c0d7ddc811,tenthgrade.me,premium,,,56,72,11,,,
8185fcf9-3771-4adc-b84a-7a9a6219e133,timecodes.me,premium,,,,24,10,,,
1bef329c-7914-4b7f-9f2f-19b38b1f34eb,cooljazz.me,premium,,,60,72,9,,,
d756f99a-10ff-4c78-a667-872fda0b58b1,aerialsurvey.me,premium,,,58,80,13,,,
247909f2-e080-4533-9d44-d01774299369,magnanimity.me,premium,,,64,16,11,,,
5c586ddb-b1d3-4499-9e72-cec27ce05b8c,debit.me,premium,6250,26.99,96,88,5,name.com,,
47e12950-eec6-4232-ba4d-683658d0ee1f,Aga.me,resell,,,60,88,6,Dynadot Inc,17/09/2011 02:35,17/09/2025 02:35
fc8455a4-f586-4e6c-b0ea-dcb1b5758538,orangeberry.me,premium,,,62,80,11,,,
c9a505ef-1943-4ed9-ab8d-d86e3724f723,animalnursery.me,premium,,,36,8,14,,,
5df45162-6f3c-49c2-ba90-55346d737c14,ventricle.me,premium,,,56,80,9,,,
fcffa5b4-bc99-4ae8-8142-46c5564a47a0,Africanlily.me,premium,,,64,72,12,,,
4921e839-9a6c-40fc-951a-f49ecd6610c1,formularacing.me,premium,,,44,72,14,,,
131d57b2-b458-4c6e-954f-0c5f65c8868d,Kintbury.me,premium,,,48,72,8,,,
77bea3eb-171d-4f4d-bf17-f807b45686d4,buffing.me,premium,,,64,72,7,,,
c8c7f592-a3c7-4e7f-8e7c-b1cb2f75d7bb,potliquor.me,premium,,,56,72,10,,,
101dbf28-081d-4296-a0a7-7d3f8d817c40,psalmed.me,premium,,,,4,7,,,
0d6ae810-dd59-4ac8-abb9-7f2bc1e7b9ff,folkish.me,premium,,,60,72,7,,,
a4b76108-3fa5-42a4-833f-adeedef226da,Norwaylemming.me,premium,,,52,72,14,,,
40b0acd8-491d-4d4a-b568-a0919c50cc52,eulogistic.me,premium,,,54,72,10,,,
77dab070-290f-4663-b612-25ad957a7391,advaloremtaxes.me,premium,,,34,8,16,,,
cc9448ef-2fc8-44af-83f4-28c80e108da0,characterforming.me,premium,,,66,72,17,,,
8d55ee25-dbef-418f-aa09-ee53147bd838,GreekCatholicism.me,premium,,,38,72,17,,,
2eb86c5d-78d0-4f60-ab77-58f3ec4c5021,leapfrogging.me,premium,,,68,72,12,,,
3021e3a1-d232-4f31-8cba-11eb05c0c85e,Gospich.me,premium,,,48,72,7,,,
568dd212-6689-4ef1-9aba-42aa26c2f3f3,contingence.me,premium,,,52,20,11,,,
32aadb7f-0c77-4ef0-85d8-1efa3b5eabe8,lionfish.me,resell,,,56,80,8,"Chengdu West Dimension Digital Technology Co., Ltd.",08/11/2024 11:46,08/11/2025 11:46
c1b7e523-0a80-4ea0-9523-7065ce8983f1,coper.me,premium,,,80,80,5,,,
6e362cee-bc36-481c-a090-5fa396c57c36,latebreaking.me,premium,,,50,4,13,,,
de062d8e-3a82-4981-992e-eaceabaf6bea,sanity.me,resell,,,68,84,6,Dynadot Inc,19/01/2010 13:56,19/01/2026 13:56
f83f611c-ce6e-49ee-ab6d-9d3e5318a1a3,Greats.me,premium,,,62,76,6,,,
f2685a65-2385-447f-8277-b643156ce69d,BakerStreet.me,premium,,,48,64,12,,,
ca482339-003f-4c26-8e2a-83014424af1c,seabag.me,premium,,,62,72,6,,,
41660eb8-3761-46f5-8fe5-fb7810fe4bd5,monoxide.me,premium,,,58,76,8,,,
22380cbb-213b-46b5-b35f-269f28aec1d4,groupofdeath.me,premium,,,54,72,14,,,
aa351607-a754-466e-a0b9-ec66952b2dc3,Osgood.me,premium,,,54,76,6,,,
172a60f2-3d63-453e-961b-9b435f5b8cb8,yellowberry.me,premium,,,,84,12,,,
c57f9ec0-685e-4fe1-8a1e-99b6343c095c,butterflyskin.me,premium,,,56,72,14,,,
b2994695-5a2a-4039-8161-e97298637fd7,indiefolk.me,premium,,,62,12,10,,,
6ab93364-c571-4224-8c2f-cdf289c98060,liveupto.me,premium,,,64,72,10,,,
4fb5f4ec-10a8-4686-9f8b-e5fd6e53cd35,mistiness.me,premium,,,56,72,9,,,
fac2b6b0-67ad-4826-b6ac-f849be262dad,temporally.me,premium,,,44,72,10,,,
bd2c3d12-55a0-4ce3-83bb-ab16eb47a026,bathtub.me,resell,,,66,76,7,"Chengdu West Dimension Digital Technology Co., Ltd.",09/11/2024 04:30,09/11/2025 04:30
7babc1d2-0ed9-47da-a62d-cdb53661bd51,fleecewool.me,premium,,,54,72,11,,,
d6ede64c-dccc-4f52-a08e-21ed6ac82fad,codeofsilence.me,premium,,,54,72,15,,,
aaaad776-d5af-4936-9b59-fb7c00c3c0ca,goaloriented.me,premium,,,63,72,13,,,
32a6c725-0e8e-4a22-9d0f-845c10470224,inventively.me,premium,,,54,76,11,,,
aeb6dc15-8c23-4181-adad-be40020c86ce,vocally.me,premium,,,52,80,7,,,
45c496b9-689d-4546-8b17-1d8c37861310,flyingvisit.me,premium,,,56,72,12,,,
4944e99f-442d-41e4-85cb-04f9b66b7ed9,east.me,premium,3750,27.99,72,28,4,name.com,,
f75c4b9b-111a-4e7f-952e-7c092e945788,streettheater.me,premium,,,,76,14,,,
c1164fb0-5e0b-4c85-b12c-5592e5655258,icefoot.me,premium,,,52,72,8,,,
b358c60f-3c12-49aa-ae60-ffe4be256844,FirthofTay.me,premium,,,42,4,12,,,
4c6a4c4c-812e-4c12-beba-95afb594233a,invincibility.me,premium,,,56,28,13,,,
812af4a1-d659-4656-b349-f155651cee9e,adams.me,resell,,,58,84,5,"GoDaddy.com, LLC",29/04/2008 17:58,29/04/2026 17:58
7c33aca7-3fbf-47dc-81d2-b917c1384074,legcutter.me,premium,,,56,72,10,,,
327f0c8f-7792-4137-a19f-fbc6a0468a57,bigdrum.me,premium,,,60,76,8,,,
6d9259a7-ea97-4ba4-8844-c9a9cbeb4121,beadmaze.me,premium,,,68,72,9,,,
f6107483-6693-4fa4-9809-423e36771da7,cardcase.me,premium,,,56,72,8,,,
c8475015-dc40-492a-8ce9-de41e7054ea5,layaside.me,premium,,,60,72,9,,,
eda9bc4c-8fad-4e1a-8857-4571fe090f08,hairdressingsalon.me,premium,,,60,72,18,,,
f69de9e8-cad1-47cf-ae07-385df280b152,videocassette.me,premium,,,58,72,13,,,
3a0de3bd-f05b-429d-b610-2442062c828d,publicaccess.me,premium,,,,72,13,,,
1ecf6a8e-8185-411f-99f7-681d588860a9,statutorybody.me,premium,,,,4,14,,,
b656a70f-28df-40ab-9c88-15be846fb22b,villagefair.me,premium,,,68,72,12,,,
018f4c2e-e179-4328-a2df-f76ab407e3ef,makeoldbones.me,premium,,,64,72,14,,,
e46629ed-b493-424a-ab2d-ce3d0dd06aa4,spikerush.me,premium,,,56,72,10,,,
1d4e9b50-aa9e-4f67-91bf-00a9570af6ec,giantcane.me,premium,,,56,72,10,,,
22da0379-9acf-4f1d-bcdc-e67c59114d2f,straightsix.me,premium,,,62,72,12,,,
8ec3040b-a1ab-468c-a26f-824d83e9683e,crossoff.me,premium,,,65,80,9,,,
4b11c3eb-defd-4949-845c-34ea8c43bba7,insides.me,premium,,,64,36,7,,,
118d6ee5-fca5-40e4-92c0-7fcb5868b8d7,nativityscene.me,premium,,,64,72,14,,,
2f26ed5e-a8a2-4cce-afce-c5a512f0b41e,onthejump.me,premium,,,58,68,11,,,
22148183-9117-4372-851a-409ca51832f9,goldencrestedmyna.me,premium,,,36,0,19,,,
901aaf2e-eb37-41a7-b1bc-f91f08aff832,boysandtheirtoys.me,premium,,,54,72,19,,,
e974e656-34c1-47ae-b906-78fdbd2176da,triclavianist.me,premium,,,54,72,13,,,
faa65aa5-9db1-435b-aa9d-c783c1e3a7ab,yousee.me,resell,,,68,80,7,"GoDaddy.com, LLC",21/05/2009 20:11,21/05/2026 20:11
bf713f12-e4a9-4c0c-a5e6-1f74d74a5523,Rhpositive.me,premium,,,,16,11,,,
c6913718-5ee3-48e6-9784-c0e3dd500774,nervefiber.me,premium,,,54,72,11,,,
2d93431d-bd8a-40bb-934d-2af37f131ef4,conjunctions.me,premium,,,38,12,12,,,
29ca20a3-0c33-4637-95a3-d5028aac6be0,amorously.me,premium,,,50,72,9,,,
fbc068b8-5db0-462e-9047-90b8277f4913,Oulujarvi.me,premium,,,,72,9,,,
2f03d76c-5bfe-48ba-bb1a-30659d200665,speedskater.me,premium,,,64,72,11,,,
49400136-4901-4bc3-9425-e66ea7063b21,bestboys.me,premium,,,54,12,9,,,
cf340d9e-ef42-4344-8d51-551c30c54453,beret.me,resell,,,68,84,5,"Spaceship, Inc.",01/12/2024 04:19,01/12/2025 04:19
a9c0a556-c27a-40c7-b973-8d8e26abb55f,naturepoem.me,premium,,,,72,11,,,
9a978e3c-7fa5-4c97-acd8-b6d382cc1c26,bleachers.me,premium,,,58,84,9,,,
988a5e94-7f1b-48d8-b35c-824f17d42098,SingaporeonThames.me,premium,,,52,72,19,,,
893337c1-ab8e-4d3e-90bf-05155fafe867,inherently.me,premium,,,52,76,10,,,
1a472c64-e31c-4921-9e94-e5e4101bb8ed,bubbleenvelope.me,premium,,,64,72,15,,,
c482cb1c-1bbc-4a2c-87e1-f76c410f89b3,geiger.me,resell,,,54,84,6,"Name.com, Inc.",05/01/2016 06:23,05/01/2026 06:23
6a9029da-807e-44fd-99ea-61d83dc31497,sensuall.me,premium,,,52,76,8,,,
c2443679-3a95-4994-93c5-226b0cebf682,havemoneytoburn.me,premium,,,50,1,18,,,
6b74332f-ad78-4b24-b746-1c0883497bad,circlesegment.me,premium,,,54,72,14,,,
98871c6e-028f-40dd-8d0f-ade387e1671e,bottlingplant.me,premium,,,54,72,14,,,
1ac4cb1c-f511-4ba0-a6bd-cc2ba4306c06,biosurgery.me,premium,,,60,8,10,,,
1d30a15f-b029-470d-af1d-8be658bc28b1,rude.me,resell,,,68,17,4,Unstoppable Domains Inc,21/12/2016 01:05,21/12/2026 01:05
5023dd05-bf31-41e4-9a97-97df1d282675,transvestite.me,premium,,,58,72,12,,,
7fa3559b-0a8e-4e27-8203-52f883e7d25f,widowed.me,premium,,,60,3,7,,,
c39fbdba-b5e9-4dbf-a897-0aec99e7adb7,sympathising.me,premium,,,,8,12,,,
088a4117-699b-45b8-aaa3-cc3c29c52a06,USATF.me,premium,,,,28,5,,,
7e773050-5676-47bb-abd9-acc4e2bf0925,tenderer.me,premium,,,60,72,8,,,
90f0ba8f-4c88-44c3-86e4-aa2ec0e23850,unplugging.me,premium,,,56,76,10,,,
ff39c6b3-bbda-45ad-97ff-f808e9498f6e,jokesters.me,premium,,,42,8,9,,,
47ed85a0-9375-4348-b23b-3801d9266cff,Shetlandwool.me,premium,,,,72,13,,,
b53369f2-faac-4ba2-b2a4-a85f10e5cdb7,emend.me,resell,,,62,72,5,"Chengdu West Dimension Digital Technology Co., Ltd.",08/11/2024 12:19,08/11/2025 12:19
627f5b3b-b36d-4c9e-a903-6201f5d7bdda,field.me,resell,,,68,37,5,Dynadot Inc,10/07/2008 03:30,10/07/2027 03:30
1ddda0f4-83ce-4092-aebb-c7ce7e5ca7e6,permissive.me,premium,,,59,76,10,,,
0c2f3d91-3393-4302-b614-379c7809cc7a,trytitles.me,premium,,,,4,10,,,
cd0e56f6-4d99-4ce5-b650-949b58c69291,fixedcharge.me,premium,,,56,72,12,,,
8eb21852-f6a2-4aa8-9700-29e92bd5d480,semisolid.me,premium,,,70,76,9,,,
8c5f5317-0c53-4c85-9176-bc5f7b483914,anile.me,premium,,,72,1,5,,,
74948736-531e-4f8c-af5f-c3602716d89e,bestselling.me,resell,,,68,72,11,"Chengdu West Dimension Digital Technology Co., Ltd.",08/11/2024 13:07,08/11/2025 13:07
acecc801-426a-4770-ba8e-b7c13ae5bcc4,hereyouare.me,premium,,,48,68,12,,,
a2917983-31fc-401c-bd9e-17b27b3ec0aa,zygodactyl.me,premium,,,72,72,10,,,
475c8981-bbd4-493a-a16b-efb3454e8a2c,passholder.me,premium,,,56,72,10,,,
6f714579-5f01-4409-b4a5-e239bbe6b6d4,repentance.me,premium,,,56,84,10,,,
82e7051b-9cc2-4ca9-8cdb-38bcca8a8183,stockvideo.me,premium,,,,76,11,,,
da268033-a839-4b5e-876a-a60245051122,turkeytail.me,premium,,,58,72,11,,,
2fd47e4e-054a-4d96-b9ca-63b62c2ffede,grayrocking.me,premium,,,52,72,12,,,
327b74b0-da8c-4976-bd79-bc119edb596e,comparativedegree.me,premium,,,54,72,18,,,
7a5cb55f-aa35-45c4-baa0-62552debea71,yellowish.me,premium,,,60,76,9,,,
b121cb7f-cb6c-4d78-ae26-83f659e430b2,alternativism.me,premium,,,56,72,13,,,
4c4d9f7c-b1b3-460b-8e0b-e99adb6d74b1,shrimps.me,resell,,,,36,7,"Chengdu West Dimension Digital Technology Co., Ltd.",13/11/2024 18:04,13/11/2025 18:04
1b5a7454-2dbb-4bb1-86f5-10b3bed63f9f,cravat.me,premium,,,80,80,6,,,
711c4c44-4862-4dd2-8d1b-5f076e5d1170,redspruce.me,premium,,,,76,10,,,
fb944282-8d20-45a9-ac5c-2d510c101a66,openseason.me,premium,,,,76,11,,,
23b9bae1-5600-496a-af31-0244949e25c4,counterbalanced.me,premium,,,50,20,15,,,
e4825bb9-9adf-41bd-9682-1befdadd6faf,drytool.me,premium,,,60,72,8,,,